protein,struc_sequence
A0A140D2T1_ZIKV,EdTfLlGvEvKvWlKlAvRvLcNlQvMdSdApLvElFnYvSlYqKfKqSfGaIfTaEaVeCdRcEpEvAvRvRvAcLvKvDvGvVaAqTqGqGlHdAaVpSdRsGvSlAvKvLvRvWvLcVvEvRvGqYlLfQdPdYaGeKeVeVeDeLeGaCqGqRqGnGsWvSqYlYsAnAqTlIdRpKhVyQaEaVyReGyYeThKaGdGdPdGpHtEhEfPhMdLdVhQqSfYeGaWsNlIrVyRdLyKaSyGnVdDdVlFlHpMdAaAaEdPqCgDqTeLyLeCyDpIdGfEdSdSdSsSdPlEvVvErEvTvRrTqLvRsVvLvSvMsVcGvDrWnLqEvKsRpPhGpAwFyCkIyKkVnLqCrPcYtTdSpTvMnMlEvTvMvEvRvLvQcRvRvHrGnGaGaLwVdRdVdPsLnSgRtNlSsTtHlEiMtYiWrViSrGrAhKdSdNrIhIvKvSrVsSnTvTsSsQvLvLsLvGvRsMsDdGdPdRgRhPdVyKhYyEdEhDgVdNrLrGgSgGfTaRaAaVhAaSaCpAaEdAdPaNpMcKqIaIcGvRqRqIlEvRqIlRcNvEvHqAvEvTfWwFdLaDdEnNrHdPlYaRhThWwAfYfHdGiSkYgEfAdPdTkQdGfSaAqSdSwLaVfNlGvVlVlRcLlLlSpKvPvWcDvVpVpTlGlVqTqGqIkAtMkTfDgTfTtPqYsGlQqQvRsVvFcKsEvKaVvDsTdRdVaPdDaPfQaEpGlTlRlQvVlMlNqIvVlSlSlWlLlWlKcElLlGcKvRpKpRaPdRaVfCdTdKlEvEvFvIlNvKvVdRdSqNpAdAdLqGaAdIrFhEdEqEsKpEpWdKdTtApVnEvAlVsNvDdPpRsFnWvAvLvVlDvRvEqRlEvHqHlLvRvGvEhCgHnSfCwVaYkNeMkMtGfKdRtEdKiKdQgGdEgFsGsKgAhKhGrSgRhAiIaWiYdMhWgLpGsAlRlFsLlElFcErAqLpGvFcLcNqEvDvHvWsMqGpRcEvNsSqGlGfGeVnEpGpLaGfLlQqRcLvGqYvIlLlEvEvMlNlRvAdPdGaGaKfMkYdAwDfDfTqArGnWlDqTsRlIaSfKlFsDlLlEvNsEvAlLsInTlNvQsMhEdEpGvHsRsTsLsAnLcAsVcIsKvYnTpYaQqNkKhVwVyKwVgLwRhPaAgErGpGrKtTiVmMiDiIiIiSmRhQgDgQgRdGhSnGhQrVsVcTqYfAsLsNlTsFsTsNvLlVsVlQvLvIvRlNlMcElAlEvEvVvLdEdMpQcDsLsWnLpLnRdKpPpEvKsVsTvRvWcLcQvSpNcGvWsDvRqLsKnRsMkAyVdSgGrDrDtCiVmVgKrPhIrDyDqRsFsAqHqAsLqRpFsLcNvDsMsGvKrVaRtKpDpTdQpEsWrKhPgSdTdGgWhSpNdWqEqEpVdPdFtCpSqHwHgFwNdKwLdYaLwKpDvGgRhSiIgViVaPtCdRaHaQpDsEvLlIsGsRlAlRrViSdPrGdApGpWdSdIsRlEnTsAlClLqAnKlSlYsAlQlMvWcQlLqLgYvFcHqRqRpDsLsRvLqMsAsNlAlIsCqSqAlVrPfVlDvWrVfPrTdGdRdTrTdWpSdIpHnGnKpGsElWsMrTdTsEdDdMsLlMvVsWnNlRvVvWtIaEvEvNdDpHvMhEdDdKsTpPrVdTdKdWsTvDrIvPhYhLdGpKpRvEvDsLvWvCrGhSdLdIpGpHpRvPvRvTvTvWsAsEvNcIsKvDvTsVsNvMvVsRnRvIvIsGhDpEvEgKhYgMdDhYpLnSd
A0A192B1T2_9HIV1,MdRdVdKdGdIdQdMdNpSpQpHvLvLvRvWvGvIvMvIvLvGvMvIvMvIvCvSvVlApGdNfLwWfVkTkVkYfYfGqVaPlVaWwKfDfAdEdTaTqLwFfCkAeSaDqAdKdAlYpDpApEfVeHaNaIlWlAcTnHlAlCgVfPhTdDdPpNdPwQdEkIaNwLaEaNqVdTkEdEwFfNaMlWvKpNfNcMvVlEvQnMvHvTvDsIsIlSqLsWnDcQvGqLqKvPpCfVfKwLpTlPqLqCqVdTkLwDqCwHdNfVdTpYdNpIaTdSpDvMcKsEqEfIkTiNkCtSwYdNwVfTaTaVqIdRrDvKdKiQdKiVdSiSfLiFdYtKpLvDqVwVdQfIdGdGpNpNpRpTpNgSrQiYiRgLgIpNqCnNvTwSaAtIeTtQeAgCdPpKsVyTdFhEfPwIgPfImHkYiCfAaPfAqGqFkAwIkLkKfCaKpDdElKqFdNqGlTgGdLmCgKrNiViSmTiVtQgCiTdHgGgIdKgPlVwVfSkTfQfLfLfLwNpGaSdLaArEdGpEaVkRhIwRhSwEpNdIpTvNdNlAvKiNkIiIkViQfLhAnSdPwVwTkIkNkCkIkRqPqNwNfNwTdRwKdSwVdHhLrGhPdGvQhAiFdYiAgTtDdGdItIpGdEyIhRdQfAiHkCmNwVtSfKpKlEvWlNvSvTrLvQvKrVvAvNcQvLcRcPvYvFaKpNlNfTaIkIeKaFfAaNaSdSpGdGdDdLqErIwTrTfHiSwFgNdCfGrGqEwFiFkYgCwNhTcSrGqLsFhNgSdTiWdEgFnNpSdTpWpNpNpSpNpSdTrEdNiIdTmLiQtCiRdItKdQqIwIdNdMrWlQpRdAiGhQyAiIyYgAgPhPdIdPgGgVmItRmCdKmSiNiIgTgGmLgImLwTgRwDdGdGdSpNpKrNhTySyEiTyFiRyPgGgGgGsDhMsRsDsNnWvRsSvEhLcYsKrYmKgVmViKgIdEdPrImGfVmAdPiTdRsAdKaRdRdVqVdEdRdEdKdRdAdVdGdIdGdAdVdFaIrGaFaLsGnAcAqGsSpTfMqGqAvAsSsVvTnLsTvVrQsAvRvQcLsLvSvGsIlVvQvQvQvSvNsLvLvRvAsIcEvAsQpQvHpLpLnKcLpTgVpWsGsIvKsQvLvQvAsRnVvLvAsVvEvRvYvLvKvDvQqQvLlLcGvIlWlGvCnShGpKhLsImCdTtTyNnVhPiWdNdScSvWlSdNvKdSdQpDcEcIrWrGvNpMdTgWrLnQvWvDcKvEsVnSvNvYcTvQvIvIvYsTvLvIsEnEvSrQsNvQvQsEvKvNvEvQvDvLvLpApLpDvKcWvAvSvLvWvNvWpFpNcIvSpQvWvLvWvYvIvKvIvFvIcIvIvVvGvGvLvIvGvLvRvIvVvFvAvVvLvSvVvIvNvRvVvRpQdGdYdSdPdLdSdFdQdTdRdTdPdNdPdGdEdLdDdRdPdGdRdIdEdEdEdGdGdEdQdDdRdGdRdSdIdRdLpVpSdGdFpLvAvLvAvWvDvDvLvRvSvLvCvLvFvSvYvHvRvLvRvDvFvIvLvIvAvTvRvTvVvEvLvLvGvHpSpSpLpKpGpLcRpLpGcWvEvSvLvKvYvLvGvNvLvLvVvYvWvGvRvEvLvKvIvSvAvIvNvLvCvDvTvIvAcIcAvVvAvGvWvTvDvRvVvIvEvLvGvQvRvLvCvRvAvIvLvHcIvPvRvRvIvRvQvGpFvEvRvAvLvLd
A0A1I9GEU1_NEIME,FdTdLpIvEvLvMvIvVvIvAvIvVvGvIvLvAcAvVvAcLvPvAvYvQlDlYvTqAlRlAvQlVvSvEvAlIvLvLlAlEvGvQlKlSvAlVqTfEvYlYcLlNvHpGvEwWgPqGqDwNcSvSsAsGvVhAdThSqAqDvIsKdGdKpYqVwQrSgVwTiVdAhNlGqVkIiTkAtQfMtAdSqSpNpVhNrNpEqIrKhSrKaKmLkSiLkWhAwKaRdQdNpGsSgViKdWiFaCiGeQwPdVwTdRdTpThArTnAdTrDfViAgAhApNpGdKdTpDrDrKhIrNdTpKsHsLyPdSpTrChRhDdDdSsSpAhSd
A0A2Z5U3Z0_9INFA,MdKdAdKdLpLpVpLpLpYpApFpVpApTqDpAfDwTkIkCfIwGaYfHaAfNdNpSdTcDdTfVdDfTfIpLvEdKgNgVfAaVfTrHdSwVdNfLqLeEdDeSdHfNpGqKaLdCeKaLaKvGpIfAaPeLaQeLqGvKlCeNdIpTqGcWlLvLqGaNqPlEvCrDvSvLrLvPpAfRfSfWgSqYaIyVeEdTaPpNhSrEpNgGhAaClYfPaGeDeLaIpDpYvEqEvLvRqEvQvLcSqSfVfSgSgLkEdRkFdEfIqFdPdKvEcSvSqWcPvNqHwTdFqNpGdVwTdVcSsCrSdHhRpGrKhStShFgYhRpNfLwLtWaLtTfKgKdGpDqSaYqPdKkLgTkNdSkYgVwNaNaKpGqKfEkVkLkVfLkWkGkVfHkHaPaSqSaScDvEvQqQcSvLtYqSvNdGsNwAkYkVkSwVkAdSkSpNpYdNtRdRiFdTtPhEhIhAhAqRaPdKdVdRsDnQdHrGiRyMmNyYmYyWiTdLiLdEgPhGgDiTmImImFiEiAmTsGdNrLiItAgPgWgYmAmFiAgLtSdRgGhFpEfSyGgIyIaThSeNpAhSyMhHdEhCdNyTaKqCkQaThPnQrGhAgIdNdSdNpLrPqFeQyNdIhHdPlVaTmItGgEdCdPrKhYyVaRvSdTpKgLfRmMaVhTlGgLeRrNnIdPeSqIpQqYdRdGdLdFpGrAdIpAfGhFhIlErGgGhWyTnGqMdIdDdGfWgYiGwYmHwHiQdNaEpQvGgSiGdYiAdAhDlQnKvSlTrQvNvAsInNvGvIsTvNvKvVvNvSvVlIsEvKvMcNnTpQaFdTgAqVgGdKgEdFdNdNpLvEcKvRvMvEvNvLvNsKvKcVvDsDvGvFsLsDvIvWsTnYvNvAsEvLnLvVrLnLpEnNrEvRvTsLnDvFvHsDvLvNsVsKvNvLlYlEvKlVlKcSvQlLcKpNlNqAwKdEdIpGpNrGrCmFtErFgYlHdKhCaDdNpEvCqMvEvScVsRsNvGsTnYrDdYnPvKvYcSvEvEsSsKvLvNsRvEvKvIvDvGvVpKpLpEpSpMpGpVvYvQvIvLvAvIvYvSvTvVvAvSvSvLvVvLvLvVvSvLvGvAvIvSvFvWvMcCvSvNvGvSnLdQpCdRpIdCdId
A4D664_9INFA,MdEvRvIvKvEvLvRvDvLqMcSvQdSvRvTsRvEcIcLvTvKvTaTdVpDvHcMvAvIvIvKvKpYdTdSpGdRdQdEdKpNcPpAvLvRvMvKvWvMlMlApMdKfYfPsIdTwAdDqKpRcIlMpEvMfIdPpEqRaNdEpQvGrQrTgLfWwSdKcTdNaDdApGpSdDnRiVtMtVgSgPpLvAvVvTvWcWcNvRvNpGgPdTdTdSdTcVpHlYvPcKvVlYlKvTqYvFvEvKlVvEvRqLvKvHqGkTdFwGdPdVkHdFfRaNaQfVqKwIdRwRdRkVaDwIqNgPpGqHaAqDaLdSaAlKvElAlQvDqVlIlMcEcVqVlFpPvNpEpVhGdApRdIdLnTdSdEpSsQsLvTvIvTsRvEvKsKnEvEsLcQpDpCpKpIdAdPsLvMsVsAsYvMsLsEsRsErLhVhRtKdTiRdFtLdPtVdAgGfGaTrSaSnVsYcInEnVvLrHvLpTaQdGdTrCgWmEgQiMdYmTqPtGdGdEdVdRdNlDvDlVvDlQqSqLlIlIlAqAlRlNlIlVqRvRlAlTlVvSdApDfPsLlAvSsLsLvEvMqCqHqSqTkQdIwGsGrIhRrMnVvDvIcLlRqQpNpPqTaEaEaQqAsVsDqIlCsKcAlAsMvGqLhRfIhSqSlSwFhSdFdGlGqFkTiFkKhRwTpSdGkSaSwVaKwRdEwEdEwVdLaTaGlNvLgQdTiLdKiIaRiVwHtEaGiYwEtEwFiTwMiVdGgRdRfAkTtAwIiLwRtKaAhTgRqRgLtIqQaLiIeVmSeGgRpDdElQlSvIrAvElAvIvIlVrArLnVlFvSrQnEhDrClMlIrKsAlVdRdGdDdLqNdFqVaNdRpAvNrQhRgLhNhPpMsHvQsLsLsRvHrFcQnKvDpAvKlVsLvFqQvNsWqGdIkEdPfIdDdNqVdMpGqMkIwGaIaLhPsDvMrTdPtShTrEtMmShLrRrGrIyRiVySgKnMvGgVdDdEdYdSpSsTpEdRgVaVgVwShIaDdRsFsLsRfViRaDhQpRvGgNdVgLsLhSdPsEsEpVhSdEpTdQnGdTrErKnLtTgImTdYgSpSdSlMsMsWlEcIvNvGfPlElSsVlLlVlNvTlYlQlWvIcIqRvNcWvEvTvVlKvIvQcWlSqQqDpPvTvMvLqYlNqKdMpEnFlEvPsFvQvSvLqVaPdKpAvAcRlGqQaYlSlGqFlVqRlTqLlFsQlQqMcRlDvVdLfGlTqFdDfTsVlQlIcIsKqLsLsPsFsAnAnAdPnPhEdQpSdRqMdQaFdSqSwLgTwVtNdVgRpGnSdGtMaRtIaLgVsRpGaNgSdPcVqFwNhYaNdKqAvTvKqRfLiTdVgLnGnKtDtAsGdAhLhTpEdDrPrDnEvGgThApGcVwEhSrArVrLtRaGqFkLiIfLnGhKaEdDdKpRvYqGpPdAaLdSeIsNvEcLvSvNvLdAdKqGqErKwAhNwVhLpIsGdQpGrDgViVtLiVmMgKgRhKpRdDgSrSdIsLpTdDdSsQpTvAsTvKvRvIvRvMvAvIvNd
A4GRB6_PSEAI,MdFdKdLdLdSdKdLdLdVdYdLdTpAdSdIpMpApIpApSdPpLpApFpSpVpDpSlSpGdEdYdPdTdVqSvErIaPdVaGlEaVkRdLwYhQdIdAdDvGqVkWiSkHiIwAhTwQdSdFdDpGnAdViYfPiSfNiGwLmIwVgRdDfGpDqEeLiLeLtIfDfTaAqWqGaAqKsNrTrAvAnLvLvAvEvIcEcKvQrIpGnLgPyVhTaReAyVeSfTqHaFqHdDsDrRgVcGhGnVvDvVvLcRvAvAvGnVhAqTyYeAySaPpSvTrRqRvLvAnEvVvEvGvNhEhIhPgTdHyShLdEpGqLaSqSdSqGaDtAwVdRdFdGrPqVwEiLkFhYrPlGaAfAfHlSaTrDrNgLiIwViYaVrPpSvAnSlVeLiYeGrGeCqAlIfYdEdLlSvRdTqSaAdGdNdVnAvDrAgDdLlAvEcWsPlTsSsIlEvRsIvQcQvHvYrPvEpArQqFwVyIhPyGrHtGdLdPiGdGgLnDvLrLsKvHsTsTnNnVnVsKvAvHvTvNvRvSvVvVvEd
A4_HUMAN,MdLdPdGdLdAdLdLdLdLdAdAdWdTdAdRdAdLdEdVdPpTpDpGlNlAvGqLfLcAdEfPwQwIkAwMaFdCaGqRfLfNiMwHiMqNdVrQnNpGrKaWiDdSgDdPpSvGlTaKdThCdIdDdTdKlEvGvIvLlQvYsCsQcEvVvYcPvEvLfQaIqTdNaVkVaEwAdNpQaPwVdTwIhQaNqWtChKgRrGpRdKpQgCrKhTaHdPtHdFtVtItPiYiRtCgLdVgGdEdFdVdSkDdAdLdLdVaPdDpKqCkKdFkLdHkQdEfRdMpDvVdCkEaTaHpLvHvWqHvTvVvAqKqEvTvClSvEvKvSqTwNgLwHqDdYkGiMaLaLdPhCpGdIhDrKiFgRgGmVmEiFtViCtChPhLpApEdEdSdDdNdVdDdSdApDdAdEdEdDdDdSdDpVdWdWdGdGdAdDpTpDpYlAdDdGdSpEdDpKpVdVdEdVdAdEdEdEdEdVdAdEdVdEdEdEdEdAdDdDdDyEdDdDdEdDdGdDdEdVdEdEdEdAdEyEdPdYdEdEyAdTdEdRdTdTdSdIdAdTpTdTdTpTdTdTpEpSpVlElEvVvVlRcEvVqClSpEdQdAwEdTqGdPpCaRqAdMfIqSwRwWwYfFhDdVpTvEvGlKaCiAdPiFdFgYhGrGpCdGdGtNgRnNrNtFhDhTdErEvYvCnMcAvVsCnGvSvAsMvSvQvSvLvLvKpTpTpQdEdPdLdAdRdDdPdVpKdLpPpTpTpAdAdSpTdPqDqAlVlDsKvYlLvEpTdPpGlDdEpNpElHvAvHsFlQvKvAsKvEvRsLlEvAvKvHlRvEvRvMvSvQvVlMvRvEvWlEvEvAvEcRvQvAcKpNpLpPdKpAvDvKnKvAvVsIvQvHvFsQvEvKvVvEvSvLsEvQvEvAsAvNvEsRvQvQvLsVvEvTvHsMvAvRsVvEvAvMvLlNvDvRqRlRvLvAlLlEvNqYlIvTvAlLvQpAdVvPvPrRdPlRvHsVnFvNvMsLlKlKsYnVvRvAsElQlKvDvRlQvHvTlLlKvHvFlEvHvVcRcMvVvDpPvKpKvAsAvQvIcRvSvQvVsMvTvHvLnRvVvIsYvEvRvMnNvQvSsLvScLsLvYvNvVvPvAvVsAcEvEvIcQvDvEvVvDvEvLsLvQvKvEsQvNqYvSnDcDvVsLvAvNvMsIpSdEpPpRsIpSnYpGdNdDdApLpMdPdSdLdTdEdTdKdTdTdVdEdLdLdPdVdNdGdEdFdSdLpDvDpLdQdPdWdHdSdFdGdAdDdSdVdPdAdNdTdEdNdEdVdEdPdVdDdAdRdPdAdAyDdRyGyLyTdTdRdPdGdSdGdLyTdNdIdKyTdEdEdIdSdEdVdKdMdDdAdEdFdRdHdDdSdGdYdEdVdHdHdQdKdLdVdFdFdAdEdDdVdGdSdNdKpGpAvIvIvGvLvMvVvGvGvVvVvIvAvTvVvIvVvIvTvLvVvMvLvKvKvKvQvYpTpSdIpHdHpGdVdVdEdVdDdApAdVdTpPpEvErRvHvLvSvKvMcQvQvNvGpYvEpNdPpTvYvKvFvFvEvQvMvQvNd
AACC1_PSEAI,MdLpRdSpSlNaDpVdTdQdQdGdSdRdPdKdTdKdLdGdGdSpSpMpGqIdIkRdTkCdRwLdGaPlDvQvVlKvSvMvRlAlAqLlDcLqFqGcRvEqFrGvDnVcAvTvYrShQvHdQdPdDdSsDvYvLvGsNvLqLrRhSdKpTfFkIiAkLmAfAiFdDrQvEnAhVtVfGkAiLwAiAkYgVwLaPqKdFpEvQdPrRaSiEeIiYeItYpDdLiAdVgShGpEvHcRpRpQvGcIvAsTvAvLrIvNvLvLvKvHvEvArNvAvLrGrAhYpVyIyYdVyQdAdDdYpGpDpDvPvAvVvAvLvYvTvKvLvGdIdRdEdEdVdMdHdFdDdIdDdPpSvTpAdTd
ADRB2_HUMAN,MdGdQdPdGdNdGdSdAdFdLdLdAdPdNdGdSdHdApPdDdHpDvVvTvQvEvRvDlEvVvWvVlVvGvMlGvIvVvMlSvLvIlVlLcAlIlVqFvGlNlVvLlVlIlTvAlIcAvKpFdEpRvLnQvTdVlTlNsYvFlIvTnSlLlAsCvAlDsLnVcMcGsLvAqVaVsPvFqGlAsAvHcIvLsMvKvMwWrTdFpGfNlFvWsClElFvWnTqSlIsDlVqLlCsVlTlAlSnIlElTsLlClVvIsAlVvDlRlYlFcAcIlTvSpPvFpKcYsQvSvLpLdTdKsNvKnAsRvVvIvIsLvMvVsWsIvVvSsGnLcTlSrFnLvPcIsQvMvHvWvYfRqAdTdHdQpEvArIvNvCqYsApNdEgTtChCrDdFrFrTgNaQlAvYsAlIvAvSsSlIcVvSrFpYvVvPsLlVvIsMsVvFvVsYlSvRvVsFlQvEsAlKvRvQvLlQvKvIlDvKvSvEvGvRvFvHvVvQvNvLvSvQvVvEpQpDdGpRpTpGpHpGpLsRvRvSvSnKvFvCsLvKlEvHvKlAvLsKvTlLsGvIvIlMsGvTqFlTcLvClWqLvPvFlFsIvVvNsInVvHcVnIvQdDpNpLpIdRdKpEvVvYnIsLvLsNvWvIsGnYsVsNsSsGsFcNsPsLvIsYcCcRsSrPpDsFsRvIvAsFsQcEvLvLvCvLvRvRvSpSpLvKvAvYvGpNpGpYpSdSdNdGdNdTdGdEdQdSdGdYdHdVdEdQdEdKpEpNpKpLpLdCpEdDdLdPdGdTdEdDdFdVdGdHdQdGdTdVdPdSdDdNdIdDdSdQdGdRdNdCdSdTdNdDdSdLdLd
AMIE_PSEAE,MdRaHfGdDdIlSaSaSdNlDfTwVaGkVeAkVfVwNqYaKaMaPaRqLdHqTdAlAvEqVlLqDvNqAlRlKvIvAlEvMvIlVqGvMsKcQvGvLrPvGrMhDaLeVyVeFaPaEaYrSsLrQpGgIdMpYqDdPpAvEsMlMlEvTnAaVaAeIvPvGdEpEsTlEqIsFvSlRvAsClRqKvAsNvVhWkGyVkFdSwLgTsGfEhRaHdEpEpHpPpRvKaAaPgYfNtTwLiVfLiIaDhNsNnGsEdIgVfQdKiYdRtKaIqIdPaWpCpPpIrEdGrWhYdPhGdGdQdTwYdVwSdEqGgPpKsGrMqKiIeStLeIhIeCaDvDvGlNvYdPlEvIvWlRqDvCsAlMlKvGpAhEqLeIyVeRyChQyGqYdMfYdPdAcKvDpQvQsVvMqMsAqKlAvMsAlWqAlNsNlChYkVyAwVyAhNyAyAaGdFdDnGpVpYtSgYtFfGaHfStAfIiIyGgFsDnGsRhTtLnGdEtCdGgErEdEhMtGdImQgYiAdQiLdSgLpSvQvIsRvDcAcRcAvNpDpQdSpQrNnHnLnFqKcIqLqHaRpGpYqSvGvLcQvAvSvGvDnGdDrRrGhLhArEdCdPpFdEvFlYvRvTcWcVvTvDpAvEvKvAnRvEvNvVvEcRvLvTpRnSdTfTpGaVdApQvCdPgVdGdRpLgPdYdEpGcLvEvKvEvAd
B3VI55_LIPST,MdPpIpAdTpSpTpGpDqNlVwLqDwFaTwVeLwGfLwNdSdGeTqSlMlDqGwIiDkCiAwLtCkHiFwYtQdKrTaPlDqAgPaMiEeFiEeLtLpEdYiGdEtVgPgLrAdQdPvIlKvQvRvVlMlRvMcIlLqEvDvTdTdSdPpSvEvLvSvEvVsNqVaIvLqGlEvHvFvAlDvAvVvRvQvFrAcAvEvRvNvVhDdLlSvTrIhDaAeIyAfSyHaGaQqTwIsWdLaLpSqMdPdEdEpGpQdVdKgSdAtLdThMgArEdGqAqIsInAqAaRsTsGlIhTkSyIwTyDfFfRqIrSlDvQvAvAvGvRfQrGsAdPdLlIqAqFlFvDcAqLqLlLdHaHaPqTqKaLwReAkCeQwNeIaGaGqIwAiNkVmCkFtIfPhPhDdVdDpGpRfRgTdDlEaYiYdDmFaDtTlGgPgGhNfVvFlIqDqAlVlVvRcHvFvTvNvGnEpQgErYhDcKvDlGqAvMlGlKvRpGaKdVaDdQvEvLlVlDvDvFvLcKpMpPpYqFlQpLdDdPpPpKyTyTdGhRcEnVrFvRpDnTvLvAsHvDvLlIvRvRvAcEvAvKvGvLgSdPsDsDrIsVsAnThTvTnRvIsTrAlQvAsIvVlDvHcYcRvRvYpAhPpSdQlEpIhDaEeIyFeMyCaGyGpGrAsYsNhPcNsInVvEvFsInQcQvSsYnPvNnThKhIyMyMhLcDvElAsGpVdPhArGdAnKsEvAsIvTsFsAsWvQlGvMsEcClLlVqGvRaSfIaPaVdPhTpRrViEpTdRrQdHgYtVrLgGtKdViShPdGgLnNcYrRvSvVsMsKvKsGnMpApFhGnGhDpAdQpQyLrPdWhVnSgEhMyIfVyKdKdKpGrKdVtIgTgNnNnWpAd
BLAT_ECOLX,MdSdIdQdHdFdRdVpAdLpIdPdFpFpApApFpCpLdPpVpFpApHpPqElTlLvVvKlVqKvDvAlEcDvQvLqGvAwRhVkGwYkIwEkLaDfLlNvSpGrKdItLpEdStFdRqPqEpEdRkFdPaMcMfSlTqFcKlVlLlLlClGlAvVvLlSlRcVvDqAvGvQnEdQdLqGaRdRfIdHaYdSaQpNvDlLaVdEpYqSaPvVdTqEvKvHcLnTpDpGgMgTgVlRlEvLlCsSlAcAcIfTqMrSvDgNqTsAsAsNvLvLsLcTvTsIqGpGhPqKvEsLsTqAvFvLlHvNvMvGpDqHpVqTaRgLaDdRdWgEpPpEvLsNqEaAgIpPpNpDdEsRhDnTiThMgPnAsAsMvAqTsTvLlRsKcLsLqTpGnEvLsLgTdLpAvSsRnQvQsLsIqDvWsMqEqAnDhKdVpAlGcPlLaLlRvSvAqLdPdApGqWkFgIkArDkKgSwGrAdGgEpRqGgSkRiGwImIwAiAfLiGdPhDrGrKdPgSgRmIiVmViImYiTiTgGnSgQpAdTdMpDnEsRsNsRvQsIrAnEvIsGsAnSsLvIvKvHvWd
BRCA1_HUMAN,MdDpLpSpApLvRnVlEvEvVvQlNvVvIlNvAvMlQqKqIvLqEaCaPpIqCpLrEhLrIaKdEqPwVkSaTaKpCvDrHdIiFhChKpFvCrMqLvKvLqLqNvQpKdKpGdPqSrQaCdPpLpCpKgNdDgIgTdKpRvSrLiQhEgSdTpRvFsSvQvLsVsEvEvLsLlKvIvIqCvAvFsQcLvDvTvGvLdEnYsAvNpSpYpNpFpApKpKpEpNdNpSdPdEdHdLdKdDdEdVdSdIdIdQdSdMdGdYdRdNdRdAdKyRdLdLdQdSdEdPdEdNdPdSdLdQdEdTdSdLdSdVdQdLdSdNdLdGdTdVdRdTdLdRdTdKdQdRdIdQdPdQdKdTdSpVpYpIpEdLpGpSpDpSdSdEdDdTdVdNdKdAdTdYdCdSdVyGdDdQdEdLdLdQdIdTdPdQdGdTdRdDdEdIdSdLdDdSdAdKdKdAdAdCdEdFdSdEdTyDdVdTdNdTdEdHdHdQdPdSdNdNdDdLdNyTdTdEdKdRdAyAdEdRdHdPdEdKdYdQdGdSdSdVdSdNdLdHdVdEdPdCdGdTyNdTdHdAdSdSdLdQdHdEdNdSdSdLdLdLdTdKdDdRdMdNdVdEdKdAdEdFdCdNdKdSdKdQdPdGdLdAdRdSdQdHdNdRdWdAdGdSyKdEdTdCdNdDdRdRdTdPdSdTdEdKdKdVdDdLdNdAdDdPdLgCpEdRdKdEdWdNdKdQdKdLdPdCdSdEdNdPdRdDdTdEdDdVdPdWvIcTvLvNvSvSvIvQvKvVvNvEvWvFvSvRvSvDpEpLdLfGaSdDdDdSdHdDdGdEdSdEdSdNdAdKdVdAdDdVdLdDyVdLdNdEdVdDdEdYdSdGdSdSdEdKdIdDdLdLdAdSdDdPdHdEdAdLdIdCdKdSdEdRdVdHdSdKdSdVdEdSdNpIdEpDpKpIdFpGdKdTpYpRdKpKdAdSdLdPdNdLdSdHdVdTdEdNdLdIdIdGdAdFdVdTdEdPdQdIdIdQdEdRdPdLdTdNdKdLdKdRdKdRdRdPdTdSdGfLfHaPdEpDdFpIpKdKdAdDdLdAdVdQdKdTdPdEdMdIdNdQdGdTyNdQdTyEdQdNdGdQdVdMdNdIdTdNdSdGdHdEdNyKdTdKdGdDdSdIdQdNdEdKdNdPdNdPdIdEdSdLdEdKdEdSdAdFdKdTdKdAdEdPdIdSdSdSdIdSdNdMdEdLdEyLdNdIdHdNdSdKdAdPdKdKdNdRdLdRdRdKdSdSdTdRdHdIdHdAdLdEdLdVdVdSdRdNdLdSdPdPdNdCdTdEdLdQdIdDdSdCdSdSdSdEdEdIdKdKdKdKyYdNdQdMdPdVpRdHdSdRdNdLdQdLdMdEdGdKdEdPdAdTdGdAdKdKySdNdKdPdNyEyQdTdSdKdRdHdDdSdDdTdFdPdEdLdKdLdTdNdAdPdGdSdFdTdKdCdSwNwTdSdEdLdKdEdFdVdNdPdSdLdPdRdEdEdKdEdEdKdLdEdTdVdKdVdSyNdNdAdEdDdPdKaDdLdMdLdSdGdEdRdVdLdQdTdEdRdSdVdEdSdSdSdIwSdLdVdPdGdTdDdYdGyTdQdEdSdIdSdLdLdEdVdSdTdLdGdKdAdKdTdEyPdNdKdCdVdSdQdCdAdAdFdEdNdPdKyGdLdIyHdGdCdSdKdDdNdRdNdDdTdEdGdFdKdYdPdLdGdHdEdVdNdHdSdRdEpTdSpIvEvMvEvEvSvEvLvDvAvQvYvLvQvNvTvFvKvVqSfKpRpQpSdFdAdPdFdSpNdPpGdNdAdEdEdEdCdAdTdFdSdAdHdSdGdSdLdKdKdQdSdPdKdVfTfFdEdCdEdQdKdEdEdNdQdGdKdNdEdSdNdIdKdPdVdQdTdVdNdIdTdAdGdFdPdVdVdGdQdKdDdKdPdVdDdNdAdKdCdSdIdKdGdGdSdRdFdCdLdSdSdQdFdRdGdNdEdTdGdLdIdTdPdNdKdHdGtLdLdQdNdPdYdRdIdPdPdLdFpPdIdKdSdFdVdKdTdKdCdKdKdNdLdLdEdEdNdFdEpEdHpSdMdSdPdEdRgEdMdGdNdEdNdIdPdSdTdVdSdTdIdSdRdNdNdIyRyEdNdVdFdKdEdAdSdSdSdNdIyNdEyVdGdSySdTdNdEdVyGdSdSdIdNdEdIdGdSdSdDdEdNdIdQdAdEdLdGdRdNdRdGdPdKdLdNdAdMdLdRdLdGdVdLdQdPdEdVdYdKyQdSdLdPdGdSdNdCdKdHdPdEdIdKdKdQdEdYdEdEdVdVdQdTdVdNdTdDdFdSdPdYdLdIdSdDdNdLdEdQdPdMdGdSdSdHdAdSdQdVdCdSdEdTdPdDdDdLdLdDdDdGdEdIdKdEdDdTdSdFdAdEdNdDdIdKdEpSdSdAdVdFdSdKdSdVdQdKdGdEdLdSdRdSdPdSdPdFdTdHdTdHdLdAdQdGdYgRyRdGdAdKdKdLdEdSySyEdEdNdLdSdSdEdDdEdEdLdPdCdFdQdHgLrLdFdGdKdVdNdNdIdPdSyQySdTdRdHdSdTdVdAdTdEdCdLdSdKyNdTdEdEdNyLdLdSdLdKdNdSdLdNdDdCdSdNdQdVdIdLdAdKdAdSdQdEdHdHdLdSdEdEdTdKdCdSdAdSdLdFdSdSdQdCpSdEdLdEdDpLdTdAdNdTdNdTdQdDdPdFdLdIdGdSdSdKdQdMdRdHdQdSdEdSdQdGdVdGdLdSdDdKdEdLdVdSdDdDdEdEdRdGdTdGdLdEdEdNdNdQdEdEdQdSdMdDdSdNyLdGdEdAdAdSdGdCdEdSdEdTdSdVdSdEdDdCdSdGdLdSpSdQvSpDdIpLaTdTpQvQnRvDvTvMvQvHvNvLvIvKvLvQvQvEvMvAvEvLvEvAvVvLcEvQvHvGvSpQdPdSdNdSdYdPdSpIdIdSdDdSdSdAyLdEdDdLdRdNdPdEdQdSdTdSdEdKdAdVdLyTdSdQdKdSdSyEdYdPdIdSpQcNdPdEdGdLdSdAdDdKdFdEdVySyAdDdSySyTdSdKyNyKdEdPdGdVdEdRdSdSyPdSdKdCdPdSdLdDdDdRdWdYdMdHdSdCdSdGdSdLdQdNdRdNdYdPdSdQdEdEdLdIdKdVdVdDdVdEdEdQdQdLdEdEdSdGdPdHdDyLdTdEdTdSdYdLdPdRdQdDdLmEiGdTdPdYyLyEdSdGdIdSdLdFdSdDdDdPdEdSdDdPdSdEdDdRdAyPdEdSdAdRdVdGdNdIdPdSdSdTdSdAdLdKdVdPdQdLdKdVdAdEdSyAdQdSpPpAdAdAdHdTdTdDdTdAdGdYdNdAdMdEdEdSdVdSgRdEdKdPdEpLdTdAdSdTdEpRpVsNpKpRqMeSeMeVeVeSdGpLdTdPpEvElFvMvLlVvYvKvFlAcRvKvHvHvIhThLyTdNhLdIdTdElEsThTaHeVyVeMfKaTaDdApElFlVaCgEaRdTdLlKcYlFlLqGcIlAlGlGlKhWqVyVfSyYsFvWqVsTvQvScIvKvEvRvKhMnLdNdErHvDvFgEgVrRqGaDyVpVpNlGdRrNhHlQnGsPsKvRcAsRnEvSpQqDvRqKqIqFqRaGqLeEeIeCeCaYdGdPdFdTpNnMdPdTvDvQsLvEqWvMsVvQvLsCsGhAyShVyVdKdEdLlSvSpFdTdLdGdTpGrVhHaPyIeVyVeVyQaPcDvArWdTpEdDnNpGpFlHlAaIvGcQvMvChEvAhPfVyVfTyRpEvWqVsLvDsScVsArLsYvQhCrQdEdLrDvTsYtLtIdPhQhIdPdHpSpHpYd
C6KNH7_9INFA,MdKvTvIvIvAvLvSvYvIvLvCvLvVvFvApQpKpLpPvGpNqDpNlSfTwAkTkLkCfLkGaHfHaAfVaPpNdGfTdIwVaKfTaIpTvNdDrQtIfEtVfTrNdAwTdEwLqVaQaSeSdSfTpGqEaIaCaDcSpPdHwQnIeLdDeGqKvNqCaTdLpIvDcAlLlLqGaDqPqQvCnDvDvFqQaNfKdKfWgDqLeFyVeEdReSpKnAhYdSgNqCaYaPaYeDdVePdDpYvAvSvLvRsSwLqVvAqSqSqGrTtLsEhFwNdNfEdSdFkNdWqTpGqVwTdQkNfGdTfSdSpAsCgIdRhRpSnKdNtShFhFgSpRfLwNiWaLtTfHgLdNpFlKaYqPdAkLdNkVtTkMdPaNqNqEdQqFaDkKwLkYfIkWwGkVfLkHaPaGaTaDqKvDvQqIcFrLgYqAsQdAsSwGkRkIkTwVkSdTkKpRvSdQiQdIiVdStPhNhIhGhSfRcPdRdVdRsNhIgPrSmRyImSyImYdWmTdIiVaKhPnGgDmImLiLiImNiSmTsGdNrLiItAgPgRrGgYtFgKtIgRhShGdKqSgShIyMdRySaDpArPhIyGdKhCdNySaEqCkIaTdPsNsGySgItPhNaDqKhPqFeQyNcVhNdRcIdTmYaGgAfChPrRhYyVaKpQdNhTtLhKiLaAhTlGgMeRgNhVfPaEaKdQpTaRpGpIpFvGgAdIdAfGhFhIqEhNgGhWhEnGvMpVdDpGfWgYmGwFmRwHmQqNhSpEvGgRiGdQiAdAhDqLpKvSlTrQvAvAlInDvQvIsNvGvKvLsNvRvLrItGpKpTtNdEgKdFgHrQdIdEdKqEdFdSpEdVdEpGpRpIvQnDvLvEsKpYvVvEsDvTvKvIrDvLvWvSnYvNvArEvLnLvVrAnLhErNnQvHvTsIhDvLsTnDvSvEsMsNvKvLlFlEvKlTlKcKvQlLqRpElNqAwEdDdMpGpNrGrCmFtKiIgYsHgKnCaDdNpAvCnIvGvScIsRsNvGvTnYhDdHnDvVvYcRvDvEsAsLvNcNsRvFpQvIpKpGdVpEpLpKpSvGpYvKvDvWvIvLvWvIvSvFvAvIvSvCvFvLvLvCvVvAvLvLvGvFvIvMvWvAcCvQvKvGpNnIdRpCdNpIdCdId
CALM1_HUMAN,MdAvDvQpLdTpEpEvQvIlAvEvFlKvEvAlFvScLlFlDvKvDpGpDpGqTwIhTaTlKvEsLvGqTqVlMcRvSlLlGvQdNhPdTdEsAvErLsQqDvMvIcNvEvVqDvApDvGpNpGrTiIqDgFsPvEsFsLvTvMvMvAvRvKcMlKvDvTvDpSpElEvEvIlRvEvAvFvRcVsFqDvKvDvGpNpGqYkIrSaAlAvEsLvRqHsVsMcTvNsLsGvEdKhLdTdDsEvErVsDqEvMvIqRvEvAlDpIpDpGpDpGrQiVhNgYsEvEsFsVsQcMvMsTnAvKd
CAPSD_AAV2S,MdApAdDdGdYdLdPdDpWvLvEvDvTpLdSdEpGvIvRvQvWvWrKpLdKdPpGdPdPdPdPdKdPdAdEdRpHdKqDpDcSdRqGaLpVaLdPdGqYfKqYqLlGhPpFdNhGgLlDdKrGdEdPtVrNdEqAlDnAvAlArLsEqHlDvKvAvYcDvRvQcLvDvSvGvDhNhPcYlLqKaYaNdHpAsDlAvEsFsQlEvRsLlKvEpDpTpSdFpGsGsNvLvGsRnAvVvFsQvAvKvKcRvVvLcEvPvLvGvLrVyEdEdPdVdKdTdAdPdGdKdKdRdPdVdEdHdSdPdVdEyPdDdSdSdSdGdTdGdKdAdGdQdQdPdAdRdKdRdLdNdFdGdQdTdGdDdAdDdSdVdPdDdPdQdPdLdGdQdPdPdAdAdPdSdGdLdGdTdNdTdMdAdTdGdSdGdAdPdMdAdDdNdNpEdGwAfDdGdVlGpNdSwSsGdNdWaHdCaDdSwTdWdMdGpDqRkViIkTfTkSaTkRaTwWeAwLePfTfYpNpNlHqLdYkKdQwIdSwSdQdSlGpAdSpNpDqNpHtYfFtGwYiSfTgPrWwGfYfFaDdFaNqRfFlHlCrHtFdSaPpRvDrWlQqRvLfIqNfNwNfWqGfFkRdPfKwRkLkNkFkKkLfFiNqIkQwVkKwEfVwTdQdNdDpGnTdTiTdIiAdNtNdLqTpSfTwVkQwVkFdTwDpSqEvYpQpLdPdYdVpLpGpSpApHdQpGqCyLrPdPsFdPrAhDdVyFgMyVtPgQtYdGmYdLtTfLdNdNdGgSrQhAdVdGpRpSgSdFdYdCdLpEvYvFdPdSiQdMiLdRgTrGrNdNmFdTmFdSmYdTtFaEdDdVfPdFtHaSrSlYaAfHaSpQaSfLqDlRgLpMdNdPqLpIdDwQdYpLdYkYdLfSdRdTqNwTdPdSdGpTpTdTiQdSgRdLtQdFiSdQtAdGhAnSvDnIsRvDrQdSdRhNqWaLaPfGfPwCaYaRaQfQaRkVdSfKlTdSpAvDpNdNdNpSdEpYcSlWpTvGrAgTdKwYdHdLdNpGrRhDtSdLgVqNaPlGpPfAdMaAfSqHdKdDpDpErEpKrFmFgPgQsSrGnVwLdIkFaGfKwQpGpSfEdKdTpNdVtDdIpEvKgViMfItTdDgEpEnEsIfRnTrTrNhPhVhArTnEdQfYrGaSkVdSwTdNdLdQaRdGpNpRrQdAtAdTiAdDtVhNnTgQdGdVdLdPpGrMhVdWgQhDaRdDwVaYwLnQrGfPgIaWeAdKeIqPdHpTdDpGdHdFdHpPqSaPsLnMsGgGhFtGyLgKpHrPdPrPtQiImLmImKrNtTdPwVaPqAdNdPdSdTpTdFdSdApAdKpFgAsShFtIgTgQmYmSmTmGtQmVmSmVmEmIiEmWmEgLgQhKgEdNdSdKpRdWdNdPdEwIfQrYdTdSfNdYpNdKdSdVpNdVgDaFqTaVaDdTpNvGrVdYgSiEhPpRhPiIdGtTnRhYgLhTyRdNhLd
CCDB_ECOLI,MdQaFqKwVkYfTaYfKpRdEdSdRpYaRgLiFwVgDfVhQdSdDpIvIdDdTdPpGqRkRtMkViIwPgLkAdSfApRvLvLdSdDpKpVdSdRcElLlYfPpVwVdHdIqGpDnEtSiWiRtMgMnTnTvDpMiAdSmVdPgVcSvVgItGhEdEtVrAdDgLdSpHvRcEnNvDsInKvNrAnInNcLcMvFpWpGvId
CP2C9_HUMAN,MdDpSpLvVvVvLvVvLvCvLvSvCvLvLvLqLvSvLvWlRvQvSvSvGpRpGwKqLaPaPaGfPdTaPaLdPrVqIqGwNcIpLvQvIaGdIlKlDcIrSlKvSsLvTvNvLrScKvVvYrGnPqVwFhTwLtYdFgGgLsKaPiIaViVeLgHfGaYdEvAsVqKcEcAvLcIpDvLvGvEqEqFfSvGfRfGaIdFfPlLlAcEvRvAlNvRlGcFlGeIqVrFnSdNdGdKpKlWnKvEvIrRlRvFlSlLlMcTlLlRqNvFlGvMvGaKvRdShIlEqDnRlVlQlEvElAlRvCvLlVlEvEvLqRvKvTcKvAlSdPkCdDqPcTlFlIsLlGlClAsPlClNqVsIlCcScIqIaFlHvKdRgFdDdYsKpDdQpQvFsLvNlLlMsEvKlLlNvElNlIqKqIlLcSqSaPsWvIsQvIsCcNsNsFvSvPvIpIvDvYvFdPpGdTsHsNvKsLnLsKvNsVlAvFvMqKlSvYvIsLvEvKsVlKvEvHcQvEvSvMaDdMlNvNhPqQnDhFdIsDnCsFlLvMnKvMvEvKvEcKvHvNpQpPpSdEsFrTdIsEvShLsEsNsTnAsVvDvLcFsGnAvGrTrEpTlTlSsTqTlLlRsYlAlLlLlLvLcLqKlHpPvEvVlTlAvKlVlQlEvElIlEcRvVqIpGnRqNpRdSaPdCgMpQvDsRcSqHvMrPqYlTlDvAlVsVsHlElVsQlRlYqIlDlLfLfPqTfSaLgPkHtAfVgTcCaDfIdKdFdRpNpYiLtIdPhKgGsTrTiIyLtIySgLlTnSsVlLsHqDvNcKvElFpPpNpPsEnMdFrDdPsHcHsFqLaDdEpGvGrNgFgKhKdSdKpYsFsMqPsFqSrAdGhKpRnIrCpVsGcEvAvLvAsGsMsEnLsFsLrFnLvTsSsIlLsQsNfFwNdLkKaSfLpVdDdPsKvNpLrDdTfTaPfVrVrNtGnFgAtStVgPgPdFgYgQiLiCtFtIhPtVd
DLG4_HUMAN,MdDaCpLpCdIpVdTdTdKpKdYdRdYdQdDdEdDdTdPdPdLdEdHdSdPdAdHdLdPdNdQdAdNdSdPdPdVdIdVdNdTdDdTdLdEdAdPdGdYdEdLdQdVdNdGdTdEdGfEdMkEdYkEdEkIdTkLwEfRaGdNpSvGgLqGfFwSdIkAdGaGaTcDvNgPhHqIfGdDnDqPrSfIiFfItTqKgIgIhPpGpGgArAcAvQvDvGpRpLdRdVgNgDwStIwLqFdVwNvEpVdDgVrRrEhVhTgHpSvAvAvVvEvAsLrKvEpAsGpSrImViRmLtYmVtMmRdRgKdPdPpApEfKdVkMdEkIdKkLwIfKfGdPpKpGgLqGfFwSdIkAfGaGaVvGlNtQhHpIdPvGpDaNrSfIiYfVtTqKgIgIhEpGpGgArAcHvKvDvGpRpLdQdIgGgDkKtIwLqAdVkNvSvVgGgLrEhDrVhMgHpEvDvAvVvAvAsLrKvNpTdYdDrViViYmLtKiViAtKdPdSpNpApYpLpSpDdSdYdAdPpPdDpIdTdTdSdYdSdQdHdLdDdNdEdIdSdHdSdSdYdLdGdTdDdYdPdTdAdMdTdPdTdSdPdRdRdYdSdPdVdAdKdDdLdLdGdEpEpDpIpPdRqEdPwRdRkIdVkIwHfRaGdSpTvGgLqGaFwNdIwVdGdGlEpDpGqEtGfIiFfItSqFgIgLhAvGpGgPrAvDvLvSsGvEpLdRdKgGqDkQtIwLqSdVkNpGpVhDgLrRnNnAhShHpEvQrAvAvIvAsLrKvNvAsGpQrTmViTiItItAiQgYrKdPnEpEsYvSvRvFvEvAvKvIvHvDvLvRvElQvLvMvNvSpSpLdGdSdGdTdAdSdLpRpSpNpPlKpRaGwFfYkIkRfAaLlFaDwYdDdKpTvKvDvCvGcFpLfSpQlAaLdStFdRgFhGlDwVmLwHtVfInDaAdSpDdEqEfWkWtQwAiRdRtVdHdSpDdSdEpTpDpDsIiGgFiIdPgSdKqRnRnVqEvRvRvEvWvSvRvLvKvAvKvDvWvGpSdSpSdGdSpQpGdRdEpDqSpVrLgSgYiEfTtVkTdQkMdEfVdHqYwAfRaPaIaIeIeLaGaPfTcKsDvRvAlNlDvDcLcLcSvEvFcPvDvKaFeGdSaCfVaPkHaTkTcRdPdKdRdEpYpEdIdDqGrRrDnYhHpFhVdSvSdRpEvKvMvEvKvDcIvQvAvHlKqFfIlEdAwGrQdYdNsSnHmLiYiGtThSgVlQvSrVcRvEvVcAgEnQvGnKhHhChIyLdDpVdSaAlNsAsVqRvRsLcQvAvAvHvLrHhPhIqAyIeFyIeRqPaRpSdLlEvNqVsLcEqIqNpKvRpIdTdEsEvQvAsRvKvArFnDvRvAsTvKvLsEcQsEpFrTsEvCsFhSsAyIyVfEyGdDsSyFvEvErIrYsHvKvVvKvRvVsIsEvDrLqSrGdPrYmIhWiVdPgAdRsEdRgLd
DLG4_RAT,MdDdCpLpCdIdVdTdTdKdKdYdRdYdQdDdEdDdTdPdPdLdEdHdSdPdAdHdLdPdNdQyAdNdSdPdPdVdIdVdNdTdDdTdLdEdAdPdGdYdEdLdQdVdNdGdTdEpGqEdMkEdYkEdEkIdTkLwEfRaGdNpSvGgLqGfFwSdIwAdGaGaTcDvNgPhHpIpGdDnDqPrSfIiFfItTqKgIgIhPpGpGgArAcAvQvDvGpRpLdRdVgNgDwStIwLqFdVwNvEpVdDgVrRrEhVhTgHpSvAvAvVvEvAsLrKvEpAsGpSrImViRmLtYiVtMmRdRgKdPdPdApEfKdVkMdEkIdKkLwIfKfGdPpKpGgLqGfFwSdIkAfGaGaVvGvNtQhHpIdPvGpDaNrSwIiYfVtTaKgIgIhEpGpGgArAcHvKvDvGpRpLdQdIgGgDkKtIwLqAdVkNvSvVgGgLrEhDrVhMgHpElDvAvVvAcAsLrKvNpTdYdDrViViYmLtKiViAtKdPdSpNpAdYdLdSpDdSdYdAdPdPdDdIdTdTdSdYdSdQdHdLdDdNdEdIdSdHdSdSdYdLdGdTdDdYdPdTdAdMdTyPdTdSdPdRdRdYdSdPdVdAdKdDdLdLdGdEpEpDpIpPdRqEdPwRdRkIdVkIwHfRaGdSpTvGgLqGaFwNdIwVdGdGlEpDpGqEtGfIiFfItSqFgIgLhApGpGgPrAvDvLvSsGvEpLdRdKgGqDkQtIwLqSdVkNpGpVhDgLgRnNnAhShHpEvQvAvAvIvAsLrKvNpAsGpQrTmViTiItItAiQgYrKdPnEpEsYvSvRvFvEvAvKvIvHvDvLvRvEvQlLvMvNvSvSsLdGdSpGdTdApSdLpRpSpNpPlKpRdGwFfYkIkRfAaLlFaDwYdDdKpTvKvDvCvGcFpLfSpQlAaLdStFdRgFhGlDwVmLwHtVfInDaApGpDdEqEfWkWtQwAiRdRtVdHaSpDdSdEpTpDpDsIiGgFiIdPgSdKqRnRnVqEvRvRvEvWvSvRvLvKvAvKvDvWvGpSdSpSdGdSdQpGdRdEpDlSpVrLgSgYiEfTtVkTdQkMdEfVdHqYwAfRaPaIaIeIeLaGaPfTcKvDvRvAlNlDvDcLcLcSvEvFcPvDvKaFeGdSaCfVaPkHaTkTcRdPdKdRdEpYvEdIdDcGrRvDnYhHpFhVdSpSdRpEvKvMvEvKvDcIvQvAvHlKqFfIlEdAwGrQdYdNpSnHmLiYiGtThSgVlQvSrVcRvEvVcAgEnQvGnKhHhChIyLdDpVdSaAlNsAsVqRvRsLcQvAvAvHvLrHhPhIqAyIeFyIeRqPaRpSdLlEvNqVsLcEqIqNpKvRpIdTdEsEvQvAsRvKvArFnDvRvAsTvKvLsEcQsEpFrTsEvCsFhSsAyIyVfEyGdDsSyFvEvErIrYsHvKvVvKvRvVsIsEvDrLqSrGdPrYmIhWiVdPgAdRsEdRgLd
DYR_ECOLI,MdIeSeLeIeAaAeLaAeVpDpRqVfIgGdMaEpNlAdMdPpWwNqLaPvAvDsLvAvWvFvKcRvNvTcLaNlKfPeVeIeMeGeRpHsTnWcEvSsIvGpRdPdLdPpGrRyKaNyIeIyLaSdScQdPdGdTdDdDpRsVhThWyVdKdSdVpDvEvAsIvAvAvCrGpDdVdPpEyIyMyVyIyGdGdGqRvVsYlEvQvFcLvPvKvAhQfKkLyYwLyTkHyIwDhAdEdVdEdGhDdTtHgFhPdDdYdEdPpDvDqWkEdSwVpFdSkEdFwHdDqAdDdApQrNtSpHtStYmCmFiEtImLiEgRgRd
ENV_HV1B9,MdRdVpKdEdIdRdKdNdWdQdHdLpRpGpGpIvLvLvLvGvMvLvMvIvCvSvAvApKpEqKfTwWfVkTkIkYfYfGqVaPlVaWwRfEfAdTdTaTfLwFfCkAeSaDcAdKdAlYpDpTpEpVlHeNlVnWvAsTnHqAlChVfPhTdDdPpNdPwQdEkVfVwLaGaNqVdTkEdNwFfNaMlWvKpNfNcMvVlDvQnMvHlEvDvIvIvSlLsWvDcEvSqLqKvPvCfVdKwLpTlPqLqCqVdTkLwNfCkTdNwLdNdIqTpKpNpTdTpNdPpTpSdSdSpWfGdMaMdEpKgGrEqIkKiNkCiSwFdYwIfTaTfSqIdRnNpKdViKdKiEdYiAfLiFaNgRpLvDqVwVdPaIpEdNpTpNdNrTgKiYiRgLgIpSlCnNvTfSfVtIeTtQeAgCdPpKsVhSdFpQfPwIgPfImHkYiCfVaPfAfGqFkAwMkLkKfCaNpNdKlTaFdNqGlSgGtPmCgTrNiViSiTiVtQgCiTaHgGgIdRtPlVwVdSkTfQfLfLfLwNpGaSdLaArEqEpDaIkVyIwRhSwEpNdFpTqDdNlAvKiTkIiIkViQfLhNnEdSwVwVkIkNkCkTkRdPpNwNfNwTdRwRdRwLaShIrGhPdGvRhAiFdYiAgRtRdNdItIpGdDrIrRtQfAiHkCmNkItSfRpAvKvWlNvNvTrLvQlQrIvVvIvKvLvRcEvKvFvRpNlKfTkIeAaFfNaQqPdSpGdGdDpPlErIwVrRfHiSwFtNdCfGrGqEwFiFkYgCwNhTcArQvLsFhNgSwTiWdNhVsTvGsGdTtNpGdTdEpGdNrDdImIdTmLiQgCiRdItKhQqIwIdNdMdWlQsKdVgGrKyAiMyYgArPhPdIdTgGdQmItRmCdSmSiNiIgTgGiLgLmLwTgRwDpGdGdNpSdTpEpThEsTyEtIyFiRyPrGgGgGsDdMsRsDvNnWvRsSvEhLcYsKrYmKgVmViRgIdEdPrImGaVmAdPiTdRsAdKaRdRdTdVpQdRdEdKdRdAdVpGdIdGdAdVdFdLsGaFaLsGnAcAqGsSpTfMqGqAvAsSsVvTnLsTvVrQsAvRvLcLsLvSvGsIlVvQvQvQvNvNsLvLvRvAsIcEvAsQnQvHvMpLdQpLpTrVpWsGnIvKsQvLvQvAsRnVvLvAsLvEvRvYvLvRvDvQqQvLlMcGvIlWlGvCnShGpKhLsImCdThTySnVhPtWdNdVcSvWlSdNvKdSdVrDvDcIrWrNhNpMdTgWrMnEvWvEcRvEsInDvNvYcTvDvYvIvYsDvLvLsEnKvSrQsTvQvQsEvKvNvEvKvEvLvLpEpLcDcKvWvAvSvLvWcNvWvFvDpIvTpNvWvLvWvYvIvRvLvFvIcMcIvVvGvGvLvIvGvLvRvIvVvFvAvVvLvSvIvVvNvRvVvRpQdGdYdSdPdLdSdFdQdTdLdLyPdAdSdRdGdPdDdRdPdEyGdTdEyEyEdGdGyEdRyDyRdDdRdSdGdPdLdVdNdGdFpLvAvLvFvWvVvDvLvRvNcLvCvLvFvLvYvHvLvLvRvNvLvLvLvIvVvTvRvIvVcEvLvLcGvRvRvGvWvEvAvLvKvYvWvWvNvLvLvQvYvWvSvQvEvLcKvNvSvAvVcScLvLcNvAvTvAcIvAvVcAvEvGvTvDvRvVvIvKvIvVvQvRvAvCvRvAvIvRvNpIpPpTpRdIpRpQpGpLpEvRvApLpLd
ENV_HV1BR,MdRdVdKdEdKdYpQpHpLpWvRvWvGvWvKvWvGvTvMvLvLvGvIvLvMvIvCvSpAcTpEqKfLwWfVkTkVkYfYfGqVaPlVaWwKfEfAdTdTaTqLwFaCkAeSfDqAqKdAcYpDdTlEaVvHvNsVvWvAcTlHqAqChVfPhTdDdPpNdPwQdEkVfVwLaVaNqVdTkEdNwFfNaMlWvKpNfDcMvVlEvQnMvHvEvDvIvIvSlLsWvDcQvSqLqKvPvCfVdKwLpTlPqLqCqVdSkLkKfCkTdDwLdGdNfApTdNpTdNpSpSpNdTdNpSdSpSpGpEpMwMaMpEdKgGrEqIkKiNwCiSwFdNwIfSdTdSlIdRpGpKdViQdKiEdYiAfFiFaYgKpLvDqIwIdPaIdDpNpDdTpTgSiYiTgLgTpSlCnNvTfSaVtIeTtQeAgCdPpKsVhSwFpEfPwIgPfImHkYiCfAaPaAqGqFkAwIkLkKfCaNpNdKlTaFdNqGlTgGdPmCgTnNiViSiTiVtQgCiTaHtGgIdRtPlVwVdSkTfQfLfLfLwNpGaSdLaArEqEpEaVkVyIwRhSwApNdFpTvDdNlAvKiTkIiIkViQfLhNnQdSwVwEkIkNkCkTkRdPqNkNqNwTdRkKdSwIaRaIhQdRnGdPpGdRhAiFdViTgItGdKdIiGdNrMhRiQfAiHkCmNkItSfRpAvKvWlNvAvTrLvKlQrIvAqSvKvLvRcEvQvFpGhNvNqKaTkIeIaFfKaQaSdSpGdGdDpPlErIwVrTfHiSwFtNdCfGrGqEwFiFkYgCwNhScTrQvLsFhNgSfTiWdFrNhSsTdWgSpTvEpGvSvNvNvTnEpGpSdDrTiIdTmLtPgCiRdItKhQqFwIdNdMdWlQsEdVgGrKyAiMyYgArPhPdIdSgGgQmItRmCdSmSiNiIgTgGiLgLmLwTgRwDdGdGdNpNpNpNpGrSyEtIyFiRyPrGgGgGsDdMsRsDvNnWvRsSvEhLcYsKrYmKgVmViKgIdEdPrLmGaVmAdPiTdKsAdKaRdRdVdVdQdRdEdKdRdAdVpGdIdGdAdLdFaLsGaFaLsGnAcAqGsSpTfMqGqAvAsSsMvTnLsTvVrQsAvRvQcLsLvSvGsIlVvQvQvQvNvNsLvLvRvAsIcEvAsQvQvHpLdLdQpLpTrVpWsGnIvKsQvLvQvAsRnIvLvAsVvEvRvYvLvKvDvQqQvLlLcGvIlWlGvCnShGpKhLsImCdTtTyAnVhPtWdNdAcSvWlSdNvKdSdLpEcQcIrWgNhNpMdTgWrMnEvWvDcRvEsInNvNvYcTvSvLvIvHsSvLvIsEnEvSrQsNvQvQsEvKvNvEvQvEvLvLvEvLvDvKvWvAvSvLvWcNvWvFvNpIvTpNvWvLvWvYvIvKvIvFvIcMvIvVvGvGvLvVvGvLvRvIvVvFvAvVvLvSvIvVvNvRvVvRpQdGdYdSdPdLdSdFdQdTdHdLdPdTdPdRdGdPdDdRdPdEdGdIdEdEdEdGdGdEdRdDdRdDdRdSdIdRdLdVdNdGdSpLvAvLvIvWvDvDvLvRvScLvCvLvFvSvYvHvRvLvRvDvLvLvLvIvVvTvRvIvVcEvLvLcGvRvRvGvWvEvAvLvKvYvWvWvNvLvLvQvYvWvSvQvEvLvKvNvSvAvVvScLvLcNvAvTcAcIcAcVcAvEvGvTvDvRvVvIvEvVvVvQvGvAvCvRvAvIvRvHpIpPpRpRdIpRpQpGpLpEvRpIpLpLd
ESTA_BACSU,MdKvFvVvKvRvRvIvIvAvLvVvTvIvLvMvLvSvVvTvSvLvFvAvLpQdPpSpApKpApApEaHfNaPqVeVeMeVfHeGaIaGqGdAaSqFcNlFqAvGqIlKlSvYlLvVvSvQvGpWhSdRsDvKsLyYhAyVdDgFfWpDhKnTnGlTdNlYvNrNvGlPvVvLvSvRvFvVlQvKvVsLcDvEvTpGvAdKqKaVyDeIyVeAyHaSaMsGrGlAcNnTlLvYsYnIqKpNpLhDqGrGlNrKrVyAaNfVyVeTyLeGlGyAlNnRvLvTrTnGqKaAqLaPqGgTdDpPpNvQgKgIhLfYyTeSqIeYySeSpAqDeMpIpVrMhNvYsLsSrRhLhDpGqAkRnNyVhQyIdHyGdVaGyHrIsGsLcLsYnSdSpQvVnNsSvLvIvKvEcGrLsNvGvGnGmQtNgTpNd
F7YBW8_MESOW,MdApNpVdEdKdMdSdVdAdVdTdPpQvQvAvAvVvMlRvEvAcVcEvAvGvEvYdAvThAsSvEvIvVvRvEvAvVvRvDvWvLvAvKvRvEvLvRvHvDvDvIvRvRvLvRvQvLvWvDvEvGvKvAvSvGdRdPdEdPdVdDdFvDvAvLvRvKvEvAvRvQvKvLvTvEvVdPpPpNdGdRd
GAL4_YEAST,MdKdLdLpSdSqIdEpQdAaCwDpIvCcRvLvKvKvLhKdCfScKsEdKpPpKgCtApKvCcLvKvNvNvWhEdCtRhYrSdPdKpTpKpRdSpPpLpTpRpAvHvLvTvEvVvEvSvRvLvEvRvLvEvQvLvFvLcLvIlFcPvRpEdDdLpDvMvIlLvKpMdDpSdLpQvDvIsKvAvLvLsTvGvLsFnVvQvDvNvVvNvKvDpApVdTdDdRdLdAdSdVdEdTdDdMdPdLdTdLdRdQdHdRdIdSdAdTdSdSdSdEdEdSdSdNdKdGdQdRdQdLpTpVpSpIpDpSlApApHlHpDpNvSdTdIdPdLpDvFlMaPaRpDpAnLpHqGqFqDaWaSdEpEpDdDpMpSqDlGdLqPlFlLlKqTlDhPnNgNrNsGhFaFfGaDcGlSaLpLsCvIlLlRvSvIlGpFqKdPcEvNpYpTdNsSpNpVpNcRlLpPdTaMpIpTpDdRpYlTvLcAlSaRpSvTnTlSvRqLlLlQvSlYlLvNpNqFpHcPlYlCqPvIlVdHlSpPvTlLvMvMcLvYqNfNvQvIfEdIdApSdKlDlQlWvQlIlLlFsNlClIsLsAlIvGsAvWcClIaEqGpEqSnThDcIsDsVvFlYsYvQvNsAsKvSvHsLpTdSpKvVlFvEvSdGaSdIsIsLlVlTnAsLlHqLsLnSlRvYnTvQvWsRvQsKvTlNvTsSsYvNvFsHlSvFsSsIlRvMsAlIvSvLvGvLlNlReDqLdPdSpSpFdSdDpSlSqIvLlElQsRsRqRsInWnWlSsVsYvSlWvElIvQvLsScLsLnYrGvRhSdIrQsLdSdQdNgThIrSdFhPhSaSqVqDpDsVvQrRdTrTdTpGdPdTgIsYsHlGlIsIsElTsAsRqLlLvQvVlFlTcKvIqYpEvLvDcKsTsVvTpAvEpKdSdPqIpCdAlKvKsClLvMvIsClNvEvIsEvEvVsSvRvQpArPdKpFlLlQeMpDpIdSdTpTvAvLvTvNvLnLcKvEvHpPvWsLsSlFlTsRsFlElLsKlWlKvQsLlSvLsInIlYsVsLlRvDsFrFvTvNvFvTvQvKvKcSvQvLcEvQpDdQpNpDpHvQdSdYpEsVnKvRvCsSlIvMsLnSlDvAsAlQvRcTlVlMvSsVlSvSvYcMvDvNpHhNdVdTtPsYvFnAlWvNsCsSlYvYsLnFlNsAsVlLsVsPlIlKvTvLlLsSvNcSvKvSvNpAdEpNdNvEsTnAvQvLnLvQvQsIlNvTsVsLlMvLsLlKvKvLsAvTvFnKnIhQvTvCsEvKvYsInQvVsLsEcEvVsCcAvPvFpLvLvSvQvCpApIdPdLdPpHdIdSdYdNdNdSdNdGdSdAdIdKpNdIdVdGdSdAdTdIpApQdYdPdTdLdPdEdEdNdVdNdNdIdSdVdKdYdVdSdPdGdSdVdGdPdSdPdVdPdLdKdSdGdAdSdFpSvDvLvVvKvLvLvSpNdRpPdPdSpRdNdSdPdVdTdIdPdRdSdTdPdSdHdRdSdVdTdPdFdLdGdQdQdQdQdLdQdSdLdVdPdLdTdPdSdAdLvFdGdGdApNpFdNdQdSdGdNdIdAdDdSdSdLaSdFdTdFdTdNdSdSdNdGdPdNdLdIdTdTdQdTdNdSdQdAdLdSdQdPdIdAdSdSdNdVdHdDdNdFdMdNdNdEhIdTdAdSdKdIdDdDdGdNdNdSdKdPdLpSdPpGtWcTrDsQvTvAsYcNvAsFsGvIvTdTpGdMdFdNdTdTdTdMpDvDnVvYcNcYvLvFpDdDdEdDdTdPdPdNdPdKdKdEd
GCN4_YEAST,MdSdEdYdQdPdSdLpFpAdLdNdPpMdGdFdSdPdLdDdGdSdKdSdTdNdEdNdVdSdAdSdTpSpTpAdKdPdMdVpGpQpLdIpFcDvKvFvIdKpTpEdEdDdPdIdIdKdQdDdTdPdSdNdLdDdFpDdFpAdLdPdQdTdAdTdAdPdDdAdKdTdVdLdPdIdPpEpLdDdDpAvVvVvEcSvFvFvSvSvSpTvDvSpTdPpMpFpEpYpEvNpLpEvDpNcSpKvEvWpTdSpLpFdDpNpDpIdPpVpTdTpDvDvVvSvLvAvDvKvAvIvEvSvTvEpEdVdSdLdVdPdSdNdLdEpVdSdTpTdSdFpLdPpTpPpVpLpEdDpApKpLpTpQpTpRpKpVpKdKdPpNpSdVdVpKpKpSpHpHpVpGdKdDcDqEvSvRqLaDdHvLvGrVhVrAdYdNpRdKpQpRdSpIdPdLdSdPqIqVdPqEpSdSpDdPpAvAsLvKvRvAsRvNvTvEvAvAvRvRvSvRvAvRvKvLvQvRvMvKvQvLvEvDvKvVvEvEvLvLvSvKvNvYvHvLvEvNvEvVvAvRvLvKcKvLvVvGvEvRd
GFP_AEQVI,MdSaKpGlElEvLlFqTqGaVkVfPkIeLwVeEwLeDwGeDaVaNaGnHdKtFwSiVkSiGkEiGwEiGaDhAlTcYqGqKkLtTwLmKkFmIfCtTpTvGfKdLdPqVwPaWpPqTvLcVvTcTvLgSpYvGlVvQcCvFsSaRhYePdDpHlMfKpQlHaDrFqFqKsSnAlMpPqEqGfYkVkQkEwRkTwIkFdFwKvDvDaGkNiYkKtTkRiAwEtVwKhFdEdGdDrTyLtVyNiRyImEyLiKyGiIyDgFgKdEcDcGdNcItLsGvHvKfLfEdYpNwYfNdSkHwNkVwYkIwMaAfDdKvQvKqNlGwIiKwViNwFdKkIgRwHtNqIgEnDvGgShVtQiLiAmDtHmYiQmQtNmThPrIpGdDpGdPdVgLrLgPhDhNiHwYiLkSiTkQdSkAgLwSdKdDdPpNpEdKpRgDdHmMiViLiLmEmFgViTyAiAdGdIdTdHsGcMpDvEvLvYpKd
GRB2_HUMAN,MdEwAkIfAfKcYaDfFdKdAdTpAdDpDqEaLdSgFdKhRhGgDdIiLwKaVfLqNdEpEpCdDdQpNfWwYtKwAtEdLdNpGlKdDiGhFiIdPgKpNvYrIiEgMdKdPdHdPlWqFeFpGeKaIdPdRpAvKvAqEfEvMqLqSqKpQfRdHdDwGqAaFwLhIkRyEaSdEpSvAdPgGsDwFiSwLiSwVtKdFdGdNnDgViQdHiFaKtVwLdRaDdGpAsGgKwYtFdLrWpVdVdKtFhNnSyLvNvEvLvVlDvYvHqRqSpTpSaVsSdRpNpQdQrIhFgLhRdDhIgEpQpVpPqQpQpPfTfYwVwQfAfLcFaDfFdDdPdQpEdDpGfEaLdGgFdRhRhGgDfFiIwHgVfMdDaNdSsDdPvNfWwWtKwGtAdCgHpGnQdTiGgMiFdPgRpNvYrVtTdPtVdNpRpNpVd
HIS7_YEAST,MdTpEqQlKwAdLwVdKwRdIdTdNpEfTkKtIkQiIkAiIkSgLqKfGaGaPdLdAdIdEpHdSdIpFdPdEpKpEpAdEdAqVlAqEfQdAdTdQrSgQeVtIeNgVaHdTlGvIaGnFlLlDsHvMlIvHsAlLlAcKvHlSlGsWmShLmIhVmEdCmIdGgDpLcHvIvDhDcHaHvTsTlElDvCvGlIlArLlGlQlArFnKlEvAsLlGdAfVqRfGqVaKqRqFwGfSkGfFwAfPfLdDvEfAkLiSkRiAkViVkDgLlSqNlRaPqYeAeVdVeEaLqGpLaQdRdEqKdVdGgDrLgSgClEvMsIlPsHsFsLpEsSsFsAsErAnSnRsIiTyLmHyVmDyCtLpRdGdKdNdDnHsHrRsSsEnSrArFsKsArLnAsVrArIvRsErArTsShPgNpGpTgNgDaVrPpSdTpKvGrVgLrMd
HSP82_YEAST,MdAdSdEdTdFdEdFdQdAdEdIqTlQvLvMlSvLcIlIqNpTpVlYaSpNdKlElIcFlLvRlElLvIvSlNvAlSlDlAqLaDlKvIlRvYvKvScLvSvDpPvKvQqLcEvTlEpPvDaLfFeIwReIwTePfKdPlEvQqKqVkLiEkIiRwDtSqGgIqGwMdTaKpAvEcLcIcNpNqLlGvTdIaAqKhShGpTsKlAvFvMvEvAvLpSpApGdAdDpVdSfMgIdGdQnFgGsVsGsFnYsSsLlFlLnVfAaDqRkVkQwVkIwSfKdShNpDvDhEaQtYwIiWwEiSdNrAsGnGnSdFiTdViTdLgDdEpVdNdEdRdIgGsRgGtTmImLmRmLgFnLgKdDpDvQrLsEvYcLsEdEpKvRvIvKlEvVsIcKvRqHwSpElFaVrApYhPwIyQkLyVwVdTkKdEwVdEwKdEwVdPfIpPdEvEvEvKvKvDvEvEvKvKvDvEvEvKpKpDpEdDdDdKdKdPdKdLdEdEdVdDdEdEdEpEdKdKdPgKdTtKdKtVdKtEdEiVdQiEdIiEdEtLrNrKpTdKhPdLpWlTvRdNdPpSvDpIdTdQlEvEnYvNqAvFvYcKcSvIfSvNvDdWpEdDgPfLlYdVwKdHwFdSwVdEdGdQpLwEtFkRtAkIiLkFtIhPhKlRaAdPdFpDcLlFpEpSpKpKdKqKqNqNqIeKwLeYaVeRpRrVtFtIaTeDsErApEcDlLqIePdEsWlLcSsFrVmKhGiVyVmDyStEdDdLfPcLaNdLpSnRsEnMdLgQpQdNsKvIvMsKnVvInRhKvNvIvVvKvKrLvIlEvAvFlNvEvIlAvEvDdSvEvQsFlEvKsFrYcSvAhFrSvKlNsIlKlLvGcVlHlEpDpTpQpNcRnAlAsLsAlKqLsLdRwYfNaSkTpKvSrVlDpEgLtTdShLpTvDvYlVvTvRpMdPdEpHlQdKqNaIaYaYeIeTeGeEqSdLsKvAlVvEnKpSfPqFlLcDqAqLcKvAvKvNvFrEmVyLtFyLhThDdPlIsDnEvYsAnFlTvQsLvKqEdFhEpGnKhTgLyVdDyIsTlKaDdFdEdLdErEdTdDpEvEvKvAvEvRqEvKvEvIqKvEvYcEvPqLvTqKvAlLlKcEvIlLcGpDqQlVaEpKgVeVgVeSdYpKsLgLaDeAaPfAkAaIkRgTfGyQpFaGaWdSaAlNsMnElRvIvMqKvApQdApLpRdDdScSvMcSnSvYvMrSpStKgKiTyFiEyIgSyPpKnSdPpIvIvKvEvLlKsKvRcVcDvEvGpGnAsQpDpKpTvVsKsDlLvTsKvLlLsYvEvTvAnLcLvTsSrGnFhSdLdDpEcPpTpSvFnAvSvRsIvNvRvLvIvScLvGvLvNvIvDpEpDpEpEdTpEpTdApPdEpApSdTdAdAdPdVdEdEdVdPdAdDdTdEdMdEdEdVdDd
I6TAH8_I68A0,MdAdSdQdGpTdKdRdSaYpEpQdMdEdTdDpGdEpRpQpNdApTlEqIqRlAlSvVvGlKlMlIlDqGlIlGqRqFlYlIlQvMvCcTvEvLvKvLaSdDlYqEqGsRqLaIlQqNqSlLlTfIlElRlMlVlLlSlAlFpDdEqRaRaNsKvYvLcEvEvHpPvSvAlGdKpDpPsKqKkTgGwGdPwIrYwKhRqVdDpRnKfWiMdRtEdLiVdLiYdDgKsEvEvIsRqRvIsWsRcQvAsNsNvGnDdDsAsTlAvGsLnTlHlMsMlIlWlHvSqNlLlNcDlTlTfYaQfRaTqRvAlLcVvRvTlGvMaDqPlRqMlCrSqLqMqQrGlSlTpLrPdRpRvSsGpApAvGsAlAqVqKhGgVlGsTsMlVlMsEvLlIsRvMlIlKvRvGcIvNvDdRvNcFcWlRpGdEpNnGnRvKvTsRlSvAvYnElRvMsClNvIsLsKlGqKfFfQdTdApAlQlRnAvMlMsDvQvVlRnEpSdRpNrPhGyNpAqEsInEvDsLsInFlLsAsRlSlAcLlIqLrRnGtSqVhAaHwKfSqCrLaPrAsCsVlYsGnPvAcVvAvSvGpYdDrFsEsKvEvGgYdSdLrVfGaIlDrPlFqKvLsLlQvNpSdQwVhYkSaLkIdRdPpNqEfNdPlAqHlKvSlQlLsVsWlMcAsCsNrSsAdAqFqEfDfLqRqVqLvScFqIfRqGvThKrVdSaPaRqGvKpLgSrTgRhGrVrQhIdAdSpNpEdNdMrDrArMiEdSmSdTiLrEnLnRhStRqYwWaAfIgRfTgRsSdGqGwNqTaNdQaQaRdAdSdAsGyQhIqSwVgQrPgAgFgSlVaQkRdNqLtPyFgDhKlPvTvIsMvAvAvFvTpGpNcTpEpGdRdTdSdDpMsRsAvEvIsIsRvMvMsEvGvAgKhPsErEdMiStFnQpGpRaGaViFgEgLsSvDcErRsArApNdPhIdVhPdSdFgDdMpSpNdEpGgStYhFrFdGdDdNdArEhEhYpDvNd
IF1_ECOLI,MdAdKpEqDpNfIdEkMfQkGwTfVwLaEdTaLdPdNpTqMwFtRwVtEqLtEpNvGrHdViVaTiAeHhIeSdGpKvMcRvKvNvYvIdRdIdLdThGgDwKmVfTiVwEtLaTdPpYvDdLrSrKyGtRyItVdFdRtSdRd
KCNH2_HUMAN,MdPpVpRpRpGdHdVpAqPdQpNpTcFvLvDvTvIvIvRvKvFcEvGvQvSlRwKwFkIwIkAfNfAlRpVdEdNqCrAfVtIfYdCgNdDpGsFvCcEvLvCqGvYhSdRlAlEvVrMfQrRdPrCpTlCpDpFvLfHdGdPpRqTwQdRpRvAqAsAvQvIvAvQcAcLsLvGvAqEdEwRdKwVgEwItAwFgYaRhKpDvGrSdCiFfLiCkLiVkDtVwVhPfVdKaNdEpDvGrAhVgIgMmFiImLiNtFiEdVtVdMdEdKdDdMdVpGdSdPdAdHdDdTdNdHdRdGdPdPdTdSdWdLdAdPdGdRdAdKdTdFdRdLdKdLdPdAdLdLdAdLdTdAdRdEdSdSdVdRdSdGdGdAdGdGdAdGdAyPdGdAdVdVdVdDdVdDdLdTdPdAdAdPdSdSdEpSpLdAdLpDdEdVpTdAdMdDpNdHdVdAdGdLdGdPdAdEdEdRdRdAdLdVdGdPdGdSdPdPdRdSdAdPdGdQdLdPdSdPdRdAdHdSdLdNdPdDdAdSdGdSdSdCdSdLdAdRdTdRdSdRdEdSdCpAdSdVpRdRdAdSdSdApDpDpIpEpApMpRdAdGdVdLdPdPdPdPdRdHdAdSdTdGdAdMdHdPdLdRdSdGdLdLdNdSdTdSdDdSdDpLpVvRpYdRpTdIdSdKdIdPdQdIdTdLdNdFdVdDdLdKdGdDdPdFdLdAdSdPdTdSdDdRdEdIdIdAdPdKdIdKdEpRpTpHvNvVvTvEvKvVvTvQvVvLvSvLcGvAvDvVvLpPpEpYpKdLpQpAdPdRpIaHdRpWqTaIdLeHcYpSdPpFvKvAvVvWlDlWvLvIlLvLvLlVlIlYvTlAlVqFvTlPlYvScAlAqFqLvLlKvEvTvEvEpGdPdPpApTdEdCdGdYlApCpQdPpLvAsVvVvDvLvIvVsDlIvMsFlIvVvDvIlLvInNqFlRrTyTwYdVqNdApNvErEdVtVdSrHdPsGvRvIsAnVvHvYcFvKvGpWcFsLvIlDsMvVlAlAsIdPpFlDvLpLvIcFvGpSpGpSpEsEnLvIsGsLvLsKsTcAsRvLnLsRsLcVvRsVcAvRvKcLvDvRvYqSvEvYdGlAvAsVvLlFvLvLlMvCsTvFvAlLsIvAlHsWnLlAlCsIvWlYsAnIvGqNvMvEcQpPvHvMdDpSdRcIqGaWlLqHqNlLvGcDvQvIvGvKwPhYqNpSpSvGsLpGtGgPdSdIsKvDvKsYsVvTvAsLsYvFqTlFvScSlLlTcSvVvGcFpGpNsVgSdPgNrTdNpSvEsKvIvFsSsIvCvVsMnLvIvGsSvLvMsYvAvSvIsFvGvNsVvSvAvIsIvQcRvLvYcSvGlTvAvRvYlHvTvQvMvLvRvVlRvEvFvIcRvFvHvQvIdPdNpPvLvRsQvRvLvEnEvYvFsQvHvAvWcSvYvTcNvGlIdDdMpNvAvVvLlKvGvFdPdElCvLvQsAlDvIvClLlHvLvNcRvSlLqLlQvHpCaKpPlFnRvGpAdTdKpGvClLsRsAlLvAsMnKqFkKdTkTdHkAdPaPaGfDdTwLpVaHaAfGfDdLwLqTfAkLkYkFfIwSqRaGaSkIkEfIwLdRaGvDnVrVtVsAhIiLdGgKhNgDaIiFeGtEaPlLcNvLvYdAvRdPtGaKgSfNrGtDiViRgAgLsThYtCtDiLmHmKiIgHgRpDvDsLvLvEvVsLcDvMvYpPvEvFsSvDvHsFnWsSvSrLdEdIhTsFdNyLgRgDdTpNpMpIdPpGdSdPpGpSpTpEdLdEdGdGdFdSdRdQdRdKdRdKdLdSdFpRdRdRdTdDdKdDdTdEdQdPdGdEdVdSdAdLdGdPdGdRyAyGdAdGdPdSdSdRdGdRdPdGdGdPdWdGdEdSdPdSdSdGdPdSdSdPdEdSdSdEdDdEdGdPdGdRdSdSdSdPdLdRdLdVdPdFdSdSdPdRdPdPdGdEdPdPdGdGdEdPdLdMdEdDdCdEdKdSdSdDdTdCdNdPvLpSpGcApFpSvGcVvSsNvIvFsSvFvWvGvDpSpRpGpRpQpYdQdEdLdPdRdCdPdAdPdTdPdSdLdLdNdIdPdLdSdSdPdGdRdRdPdRpGvDvVvEvSvRvLvDvAvLvQvRvQvLvNvRvLvEvTvRvLvSvAvDvMvAvTvVvLvQvLvLvQvRvQvMvTvLpVdPdPdAdYdSdAdVdTdTdPdGdPdGdPdTdSdTdSdPdLdLdPdVdSdPdLdPdTdLdTdLpDpSdLdSvQpVpSpQpFpMpAdCdEdEdLdPdPdGdAdPdEdLdPdQdEdGdPdTdRdRdLdSdLdPdGdQdLdGdAdLdTdSdQdPdLdHdRdHdGdSdDdPdGdSd
KKA2_KLEPN,MdIpEpQqDpGcLvHcAvGpSdPdApAvWcVnEvRvLlFpGqYwDdWwAdQwQdTpIpGdCpSdDqAwAtVkFiRwLtSdAhQpGpRdPfViLkFmVkKiTkDdLfSdGdApLlNdElLqQvDlEqAqAvRvLqSvWlLvAvTvTvGvVfPfCaAwAaVfLpDdVwVdTdEdApGrRmDiWmLtLmLtGgEdVqPdGaQaDfLqLlSpSdHpLdAdPlAlElKlVlSlIqMlAlDvAsMlRlRvLqHqTpLpDdPqAvTsCwPpFfDdHdQeAlKvHvRlIlEvRsAlRvTvRlMlEvAvGvLnVqDdQqDvDpLaDdEpEvHcQrGpLpArPsAvEvLlFsAvRvLlKvAvRlMdPdDpGdEaDdLkVgVwTdHqGqDqAsCaLrPrNqIwMgVdEdNpGsRhFtSrGhFgIyDdCsGsRpLtGhViAyDhRsYlQlDnIlAlLnAhTlRvDrIsAcEvErLpGnGnEvWsAnDvRvFsLcVvLsYnGpIhApAdPdDdSpQsRsIsAvFsYnRsLsLsDvEsFsFd
MK01_HUMAN,MdAdAdApAdAqApGkApGaPwEdMdVeRpGrQdVtFdDgVpGiPsRqYwTdNdLwSdYwIdGdEdGdApYfGfMtVkCtSwAtYqDgNnVvNvKrVdRiVkAiIkKtKkIgSqPqFlEvHdQqTlYsClQqRlTvLlRqEqIlKvIvLqLdRqFdRdHdEqNqIaIkGhIfNpDfIkIdRaAdPpTdIlEvQrMgKrDmViYiItViQtDhLdMfEpTaDwLqYlKvLcLlKvTpQdHqLdSdNlDvHlIlClYvFlLlYlQsIvLlRlGvLlKqYqIqHvSlAqNqVkLaHqRqDdLdKdPrSrNqLwLgLaNhTpTvCgDrLtKhIgCdDrFsGsLvAmRdVrAdDdPqDpHdDfHpTqGpFpLlTpEdYpVpAdTqRcWlYqRfAaPpElIsMlLqNaSrKgGgYdThKnSlIrDvIlWsSsVsGlCqIrLsAlEcMsLlSpNsRdPgIqFqPrGaKpHdYsLvDsQsLvNcHsIlLcGqIaLqGwSqPdSdQpEvDlLlNvCvIrIpNdLpKvAsRsNvYvLsLvSpLdPdHgKdNhKhVhPqWvNcRvLvFrPvNpAdDdSpKqAsLsDvLlLsDcKlMsLsTdFnNrPsHvKsRrIdEdVsEvQvAsLlAvHgPpYsLnEvQvYpYrDdPpSvDsEsPdIyArEpAhPhFdKdFnDvMpEnLpDsDpLdPdKsEsKvLsKsEvLsIvFvEvEsTnAlRvFnQdPdGpYdRdSd
MSH2_HUMAN,MdApVdQpPpKvEdTpLpQpLdEdSlAvAlElVaGlFqVvRvFlFvQvGpMdPdEdKdPdTpTlTeVfReLwFeDdRqGpDqFwYiTkAgHkGdEpDnAqLvLvAlAcRcEpVqFvKvTdQlGvVqIwKdYfMtGdPhApGpAcKsNdLmQtSmVhViLgSgKlMvNsFvElSvFvVvKlDcLsLqLpVaRvQqYgRkVyEwVyYwKyNdRpAcGhNpKdApSdKcEsNrDrWiYdLgApYdKiAdStPnGlNrLcSpQvFcEcDvIsLhFpGvNdNqDdMdSlAaSqIrGkVeVkGeVwKdMwSdAqVdDpGnQfRiQkViGkVmGwYmVaDrSpIlQqRqKeLiGeLiCeEiFdPtDaNdDlQqFrSqNlLvEqAqLvLcIlQlIvGvPyKqEeCyVeLyPeGdGdEdTcAdGdDsMnGvKsLvRvQlIsIcQvRlGsGvIhLhIyTdEyRdKhKpAvDqFlSaTlKpDcIlYqQvDvLcNqRfLqLaKaGdKdKvGpEdQrMdNrSpAvVpLdPpErMvEvNrQpVnAnVsSsSrLnSsAnVvIcKvFvLnEvLlLvSvDqDsSlNrFtGnQpFhEdLyTdTyFdDdFsSqQfYfMfKgLeDgIpAqAlVcRvAlLlNqLqFdQdGdShVpEvDpTvTpGlSqQfShLvAlAsLlLlNpKlCfKlTaPsQlGlQsRhLvVsNsQsWlIlKsQgPfLgMqDdKpNvRvIlEvElRlLlNlLlVlEvAlFlVlEvDpAvEvLlRlQcTcLcQsEvDpLlLrRnRlFqPyDhLlNsRvLlAlKvKcFlQsRsQlAvAdNfLlQvDsClYvRsLnYlQsGnIlNvQsLlPvNvVnIlQvAsLlEcKpHrEdGdKpHcQnKvLsLsLcAvVqFfVnTvPlLsTvDvLlRnSvDvFcSvKvFsQnEvMvInEvTqTfLwDdMpDvQcVvEvNvHvEdFtLfVtKdPcSvFvDdPpNlLsSvEvLlRvEvIvMlNvDvLlEvKvKvMvQlSvTvLqIvSvAvAcRvDvLlGvLhDdPeGpKpQaIwKdLwDdSaSdApQvFpGgYtYwFiRwVgTaCpKvEsEvKvVsLvRpNpNdKpNqFkSaTwVdDdIdQdKnNgGtVtKtFiTdNgSpKvLvTvSvLsNrEvEvYnTvKvNsKvTvEvYsEvEvAvQrDvAvIvVrKsEvIsVsNnIvSvSsGvYcVsEvPsMsQvTsLvNsDvVsLsAsQsLvDsAsVsVsSsFlAsHcVsSqNcGvAfPpVhPhYfVaRqPaAaIeLdEeKqGpQqGfRwIkIwLfKaAqSaRdHqAsCsVqErVrQdDpEpIdAdFtIgPgNaDiVdYtFtEgKaDqKaQaMqFaHeIeIeTeGePeNpMvGlGcKlSsTvYvIlRsQsTsGsVvIqVqLsMcAsQsIsGnChFgVgPrCgEpSyAiEyVdSyIrVaDnCyIeLaAeRdVdGdAqGdDpSpQvLvKsGpVdSqTsFlMvAvEsMvLsEsTlAvSsIcLlRvSpAaTaKlDrSyLeIyIeIyDaEaLaGqRpGsThSdTpYvDvGrFvGvLvAvWlAvIsSsEvYcIcAvTpKvIrGnAhFrCyMyFyAyThHhFpHqEvLsTcAcLvAcNvQvIrPrTnVyNfNyLkHyVfTdAwLdTdTdEpEqTdLiTdMrLpYsQyViKdKgGdVgCdDpQdShFcGpIlHvVvAvEvLnAvNvFdPdKpHvVvIsEvCvAvKvQvKvAvLvEvLvEvEvFvQvYvIvGpEpSpQpGdYpDpIdMdEdPpApAvKvKvCvYvLvElRvEvQvGlEvKvIlIvQvEvFlLvSvKvVlKvQpMdPpFvTvEpMdSdEpEvNvInTvIvKvLnKvQvLsKvAvEvVsIvAvKvNvNrSpFvVnNvEvIvIvSvRpIdKpVpTpTd
MTH3_HAEAE,MdNeLeIeSeLeFcSqGqAlGnGlLlDvLlGqFlQvKvAlGpFyRhIyIaAeAyNeEhYaDdKpSqIrWvKvTlYnEvSvNvHdSdAhKhLyIdKyGhDdIlSvKpIdSdSlDvEvFdPdKqCgDqGeIyIeGyGePqPdCpQlScWqSdEpGpGhSpLvRpGqIcDpDdPpRsGnKvLvFlYvEsYvIlRvIsLcKlQvKnKvPhKqFkFyLkAyEkNdVaKpGsMcLpApQpRvHnNvKvAvVvQvEvFsIcQvEsFvDvNvAsGqYwDdVwHdIkIdLwLdNfAvNqDqYqGaVfAlQeDgRgKiRiViFmYiImGiFgRgKnEvLlNvIfNdYfLdPaPfIhPgHdLpIdKgPdThLlKlDnVfIcWvDvLpKvDpNqPaIaPeAaLpDpKpNqKfTdNpGvNpKpCrIpYaPfNqHrEyYaFyIdGdSdYaSdTlIqFlMqSqRdNkRqVeRdQaWrNpEhPrAhFyTqVqQaAlSfGrRrQnCaQgLwHyPnQqAaPdViMwLdKhVpSdKnNgLgNtKhFgVpEpGpKrEvHvLrYtRgRgLgTtVlRvEsClAcRrVsQlGpFhPdDsDpFsIhFrHdYhEgShLsNsDsGsYsKnMsIsGnNpAhVhPrVnNrLvAsYnEsIrAsKnTrIvKvSvArLnEvIvRsKvGvNd
NCAP_I34A1,MdAdSpQpGpTpKdRdSdYpElQrMvEpTdDdGdEdRdQpNpApTlEqIqRlAlSvVvGlKlMlIlGqGlIlGqRlFlYlIlQvMvCcTvEvLvKvLaSdDlYqEqGsRqLaIlQqNqSlLlTfIlElRlMlVlLlSlAlFpDdEqRaRaNrKvYqLcEvEvHpPvSvAlGdKpDpPsKqKkTgGwGdPwIrYwRdRdVdNpGnKfWiMdRiEdLiIdLiYdDgKsEvEvIsRqRvIsWsRcQvAsNsNvGnDdDsAsTlAvGsLnTlHlMsMlIlWlHvSqNlLlNcDlAlTfYaQfRaTqRvAlLcVvRvTlGvMaDaPsRqMlCrSqLqMqQrGlSlTpLrPdRpRvSsGpApAvGsAlAqVqKhGgVlGsTsMlVlMsEvLlVsRvMlIlKvRvGcIvNvDdRvNcFcWlRpGdEpNnGnRvKvTsRlIvAvYnElRvMsClNvIsLsKlGqKfFfQdTdApAlQlKnAvMlMsDvQvVlRnEpSdRpNrPrGyNvAqEsFnEvDsLsTnFlLsAsRlSlAcLlIqLrRnGtSqVhAaHwKfSqCrLaPrAsCsVlYsGnPvAcVvAvSvGpYdDrFsEsRvEvGgYdSdLrVfGaIlDrPlFqRvLsLlQvNpSdQwVhYkSaLkIfRdPpNqEfNdPlAqHlKvSlQlLsVsWlMcAsCrHrSsAnAqFqEfDfLqRqVqLvScFqIfKqGvThKrVdLaPaRqGvKpLgSrTgRhGrVrQhIdAdSpNpEdNdMrErTrMmEdSmSdTiLrEnLnRhStRqYwWaAfIgRfTgRsSdGqGwNqTaNaQaQaRdAdSdAsGyQhIqSfIgQgPgTgFgSlVaQkRdNqLgPyFgDhRlTvTvIsMvAvAvFvNvGpNcTvEvGpRdTdSdDpMsRsTvEvIsInRvMvMsEvSpAgRhPsErDdViStFnQpGpRaGaViFgEgLsSvDcErKvAsApSdPhIdVhPdSdFgDdMpSpNdEpGgStYhFrFdGdDdNdArEhEhYpDvNd
NRAM_I33A0,MdNpPpNvQvKvIvIvTvIvGvSvIvCvMvVvVvGvIvIvSvLvIvLvQvIvGvNvIvIvSvIvWvIvSvHvSvIvQvTvGpNpQpNdHdTpGdIdCdNdQdGdIdIpTdYdNpVpVpApGdQdDdSlTpSqVdIfLfTaGlNqSfSaLeCdPdIfRdGdWwAdIwHdSaKfDaNlGqIqRqIcGlSlKpGdDfVfFfVfIwRdElPwFeIwSeCdSaHlLaEaCiRkTiFkFtLkTgQqGlAdLgLpNpDdKpHsSqNfGpTaVvKdDqRaSdPqYnRiAfLiMwSiCaPgVgGhEhAgPhShPpYvNgSiRgFgEqSgVrAaWsSaAwSeAwCyHdDrGsMhGwWiLwTiIwGhIwShGdPdDqNqGkAiVkAiVfLiKdYtNnGrIhItTdEdTiIdKiSaWpRqKrKgIhLkRhTwQaEsSyEyCwTeCyVhNrGqSkCtFkTtIkMiTwDhGdPdSlNaGdLdAtSwYiKkIiFfKiIdEhKrGrKdVtTpKdSmIdEiLdNpAdPpNqSfHdYfEhEnCwSfCwYyPrDgTnGqKkViMkCtVwCgRaDrNqWhHfGaSqNfRiPkWmVkSiFaDhQnNvLrDpYiQdIiGwYtIfCqSeGlVqFgGqDwNaPqRdPdKpDrGfPfGgShCrGhPgVhSrAgDvGrAhNgGtVaKaGfFdSwYdRdYdGpNqGkViWwIgGwRhTaKpSdDnShSaRqHfGfFiEkMiIwWiDaPhNrGrWrTpEgTgDgShRdFtSdVdRiQaDgVeVaAdMrTvDaRgSwGgYhSkGhSkFyVwQdHgPcEsLnTpGvLdDsChMiRkPiCkFmWkViEwLgIwRdGdRpPdEvEdEqTeIsWhTiShGtSiImIiSmFiCiGgVdNhSdDdTdVhDhWdShWdPhDsGpAhEdLdPdFrTpIsDsKd
NUD15_HUMAN,MdTpApSdApQdPdRpGdRdRdPaGfVeGkVeGfVeVfVeTdSeCpKvHqPpRqCwVtLkLwGwKaRwKcGdSpVpGlAhGgSaFiQgLgPqGmGdHgLdEdFpGpEdTdWnEqErCrAhQqRvErTqWcEqEaAwAvLfHgLwKdNpVkHdFwAqSeVwVaNwSdFdIdEvKvErNvYhHtYyVtTyItLyMiKyGtEyVtDpVvTvHdDpSrEgPtKdNgVnEpPcEnKtNtEvSdWmEdWiVdPrWpEvEpLdPdPdLlDsQrLhFdWrGrLvRsCrLcKvEvQlGvYgDrPpFpKdEpDdLsNpHsLhVpGhYpKpGdNdHpLd
P53_HUMAN,MdEdEdPdQdSdDdPdSdVdEdPdPdLdSpQdEdTdFpSvDvLvWvKvLpLdPdEpNdNdVdLdSpPdLdPdSdQdAdMdDpDdLdMdLdSdPpDdDdIpEpQpWpFdTdEdDdPdGdPdDdEdAdPdRdMdPdEdAdAdPdRdVdAdPdAdPpAdAdPdTdPpApAdPpApPdApPpSpWdPdLqSfSfSdVfPdSdQaKdTfYfQlGfSpYfGrFkRdLkGdFaLdHaSdGaTlAdKqSpVdTqCwThYaSdPpAvLqNlKeMiFeCgQaLaAfKdTkCgPkVmQkLiWaVtDnSdTdPdPdPfGqTkRkVkRkAkMfAkIaYfKdQdSpQvHgMrTgEgVaVaRwRaCaPpHvHqElRpCdSpDpSdDpGvLqAdPrPsQtHdLfIkRdVwEpGpNdLpRqVkEdYwLdDqDdRpNrTsFrRhHiSmViVmVdPgYdEdPqPdEpVvGpSdDrCiTdTmIiHiYmNgYgMhChNaScScCdMpGrGgMnNnRvRtPwImLkTmIkImTfLiEaDgSnSvGrNhLtLrGtRiNhSiFgEtVyRgVhCdAsCgPrGsRvDvRvRvTlEvEvElNlLvRvKlKlGpEdPqHpHpEdLdPpPpGdSdTdKdRdAdLdPdNdNdTdSdSdSdPdQdPpKpKpKdPdLrDpGnEdYdFdTdLdQdIdRpGdRdEvRvFvEvMvFvRvEvLvNvEvAvLvEsLvKvDvAsQvAvGvKpEdPpGpGdSdRpApHpSpSpHdLpKdSdKdKdGdQdSdTdSdRdHdKdKdLdMdFdKdTdEdGdPdDdSdDd
P84126_THETH,MdRfPfDdLlSvRpVqPaGaVpLlGsEvIlAlRvKvRvAvSvEpVdAdPdYdPdLfPaEdPfPdSdVaPdSaFpKqEvAlLlLqRpPpGdLaSaVeIaAeEeVdKfRqQfSaPpSvEgGgLgIqRdEdVdDqPlVqEvAlAlLvAlYlAvRlGlGpAhRsAeVySeVyLeTdErPcHpRgFgGnGhSrLlLvDsLlKlRvVnRlEvArVdDrLhPaLyLeRyKeDdFaVdVrDdPlFvMvLlEvEsAcRrArFsGhAhSqAeAyLeLaIeVcAsLrLcGpElLcTsGlAvYsLcEvEsAcRvRvLsGnLhEaAyLaVyEeVdHeTdEpRsEsLlEvIsAcLvEvAsGpAhEqVhLyGeIyNeNqRaDdLnArTvLrHdIgNdLlEvTrAlPvRvLvGlRvLvAcRvKvRvGpFrGpGhVaLyVeAyEeSdGdYdSqRdKlEvEsLvKvAvLcEpGpLrFhDsAyVyLyIdGyTsSnLlMsRnAdPpDrLnEsAvAsLsRnErLnVrGd
PABP_YEAST,MdApDpIpTvDvKvTvAvEvQvLvEvNpLpNdIdQdDdDdQdKdQdAdAdTdGdSdEdSdQpSpVpEpNpSdSwAlSkLkYkVkGfDqLaEdPqSpVdSdEqAvHlLvYcDvIvFlSvPvIlGaSaVwSpSdIkRdVfCdRaDdApIpTpKrTiSgLpGgYmAmYmVtNtFgNrDdHnEvAsGsRvKvAcIqEvQpLqNqYqTpPdIdKpGrRgLgCmRhImMaWhSdQdRpDdPpScLvRvKpKpGlSqGqNkIkFkIkKaNqLaHdPqDpIqDaNqKvAnLvYcDvTvFlScVvFlGaDaIwLrStSkKhIfAdTaDdEpNvGrKtSgKpGgFmGiFmVtHgFhEpEhEnGnAsAsKvEvAcIqDvAvLqNqGqMhLdLdNpGnQtEhImYhVmAgPrHdLdSdRpKvErRvDvSvQvLvEvEvTvKqAlHqYaTfNkLkYkVkKfNqIaNdSqEpTdTdDqEvQnFqQcEvLlFlApKvFlGhPaIwVpSdAkSdLfEdKaDdApDvGrKtLgKpGgFmGiFmVtNgYhEpKgHsEnDsAlVvKvAcVqEvAvLqNqDqSnEdLdNpGrEtKgLmYhVmGdRgAdQdKdKpNvEvRvMvHvVvLvKvKvQvYvEvAvYvRvLvEvKvMvAvKqYqQpGlVfNkLkFkVkKaNqLaDdDqSpVdDaDqEvKnLqEcEvEvFlAvPvYlGaTaIwTpSgAkKgVfMdRaTdEpNvGrKtSgKpGgFmGiFmVtCgFhSnTdPnEnEsAlTvKsAsIqTvEpKqNqQqQdIdVdApGrKtPgLmYhVmAdIrAdQdRdKpDvVvRvRvSvQvLvAvQvQvIvQvAvRvNvQvMvRvYvQvQvAvTvAvAvAvAvAcAvAvAvGvMpPpGdQpFpMdPdPpMpFpYpGdVpMdPdPdRpGdVdPdFdNdGdPdNdPdQdQdMdNdPdMdGdGdMdPdKdNdGdMdPdPdQdFdRdNdGyPdVdYdGdVdPdPdQdGdGdFdPdRdNdAdNpDdNpNvQcFvYvQvQvKvQlRlQvAvLlGlEvQlLqYlKvKvVlSvAvKvTdSvNdEnEvAlAsGnKqIlTsGvMvIlLsDpLdPdPsQvElVsFvPvLlLsEvSdDvEvLsFvEvQvHsYsKvEvAsSsAvAvYvEvSvFvKvKvEvQvEvQvQvTvEvQvAd
PA_I34A1,MdEqDvFlVlRvQvClFaNdPpMlIlVlEvLlAlEvKvAvMcKvEvYvGvEhDdLcKvIvElTvNlKlFsAsAqIsCsTlHqLvEvVlClFvMlYqSqDaFqHwFwIaDaEpQvGrEdSiIdVgVhEpLdGpDpPvNpAgLpLtKhHgRqFkEdIaIlEpGsRdDdRpTvIvAsWvTvVvVqNvSvIlCcNvTvTvGvAfEdKrPfKpFdLrPaDgLmYaDgYpKsKvNgRaFtIeEhIeGeVeTaRqRdEdVqHvIvYvYvLvEvKvAcNvKvIrKpSpEhKrTyHwIyHwIyFaSyFlTqGlEdEiMdAiTdKvApDdYdTpLdDpEpEvSsRsAnRvIsKnTvRsLsFvTvIsRcQvEvMcAvSvRvGpLnWnDvSqFsRcQcSrEvRpGvEhEnTgIdEgEdRdFdEdIqTdGdTpMrRqKvLvAcDlQvSpLdPdPpNpFgSrSgLpEvKvFvRvAvYcVvDvGpFpEdPpNpGpYvIvEvGvKvLvSvQvMdSpKpEvVpNdAlRdIwEfPfFdLaKlSpTrPdRdPaLfRdLfPdDaGdPaPaCfSaQdRdSfKpFdLdLaMpDfAfLdKwLqSkIdEqDdPqSdHdEdGvEdGdIlPqLlYvDrAvIlKvCsMvRvTvFdFdGfWfKdEqPkNdVfVpKfPdHqEpKpGdIpNqPvNlYqLsLvSvWvKvQqVvLvAvEqLsQvDvIqEvNvEdEpKdIrPdRsTwKdNfMgKdKdTdSpQsLvKcWvAlLqGvEpNpMvAdPdEdKdVdDpFcDvDvCcKvDpVpGpDpLpKdQdYpDdSpDdEdPfEfLfRhSgLaAdSpWvIvQvNvEsFlNvKqAqClEdLfTaDqSwSfWqIdEdLdDdEdIdGdEdDdAdAdPpIvEsHvIvAvSvMvRlRvNvYlFlTsAvElVaSrHrCgRsAlTsEvYvIlMqKlGlVqYqIvNlTvAvLlLlNvAcScCvApApMqDqDtFwQiLkIgPwMrIwSgKwCiRaTgKnEvGgRtRiKmTiNiLtYfGfFiIkItKwGhRhSrHpLaRpNdDqTaDdVkVtNkFiVkStMkEgFkSgLlTdDdPcRvLvEpPvHsKnWqEnKqYwCtVkLiEfVtGgDwMdLwLdRdSdApIvGgHtVdSiRtPtMmFmLiYtViRgTiNdGiTdSgKnIvKlMsKvWlGsMnEvMlRvRcClLlLvQqSlLvQvQvIlEvSvMvIqEvAvEvScSvVvKvEvKhDrMcTsKcEvFqFqEvNpKpSvEdTwWdPfVdGdEaSdPpKvGgVtEdEtGdSgIsGsKsVsCsRsTsLsLsAsKlSsVsFcNcSsLsYlApSdPpQlLqEvGqFlSvAvElSvRvKvLvLvLvIqVlQvAcLvRvDvNvLvErPdGiTdFrDcLvGvGvLsYsEcAsInEnEvCsLnIgNrDrPnWsVsLnLvNvAsSvWvFsNsSvFcLsTvHvAsLsRd
POLG_CXB3N,MdGfAdQdVfSfTyQdKdTdGdAlHtEdTdRdLdNpAaSpGpNhSdIdIiHeYgTdNdIdNdYdYdKpDdAdApSdNdSdAdNdRdQpDpFpTfQqDaPlGqKqFqTqEfPlVqKaDlIqMfIqKqSvLpPdApLvNvSdPlTvVvElElCvGpYdSqDpRdAwRdSwIdTdLfGqNpSeTiIdTtTdQgEfCfAfNaVeVfVrGwYnGqVaWfPaDdYaLfKdDlSfEqAfTlAfEfDdQdPwTdQfPpDgVsAqTqCqRyFkYdTwLfDdSkVdQkWaQfKlTqSaPfGwWwWkWaKfLpPpDlAqLcSlNpLpGtLvFnGvQvNlMlQqYqHfYqLwGkRwTwGwYkTkVkHkVkQfCkNdAfSdKlFqHkQwGfCkLkLkVkVfCkVdPfEqAqEqMaGfCfAlTaLnDpNeTePaSaSpAvEqLvLhGdGhDsSdAiKhEgFaAdDcKdPfVdAdSpGpSdNrKrLhVqQgRrVnVvYcNcApGrMqGqVaGgVnGqNlLrTlIlFgPqHiQfWmIdNtLvRnTfNgNgSmAyTiIyViMfPyYtTaNdSlVgPsMiDfNfMsFqRfHaNrNgViTmLiMmVmIgPtFlVtPgLmDdYgCfPdGpSgTdTrYiViPiImTmVmTmImAgPiMhCnAmEiYgNhGhLrRdLpAgGfHfQfGfLfPwTfMaNaTfPdGfSdCfQfFdLdTlSqDdDpFdQdStPfSaAsMfPfQlYfDqVfTqPfEfMwRfIgPrGfEwVdKfNfLlMlEsIqAlElVfDkSgVwVwPqVlQlNqVaGdEpKpVlNsSgMsEcAsYqQkIqPkVfRfSfNpEfGfSaGwTaQwVsFfGkFdPfLpQqPlGqYpSgSqVrFrScRqThLsLnGnEvIlLqNlYqYfTfHwWkSfGfSkIkKkLkTkFkMfFkCiGfSrAlMqAkTwGfKkFkLkLkAaYwSfPfPaGpAdGdAaPqTpKtRlVvDsArMlLvGfTfHiVwIiWdDiVcGnLsQfSgSmCfVmLdCfIqPfWgIdSaQpTdHlYiRaFtVsAdSdDdEsYrTgAgGgGgFmIiTiCmWfYfQqTaNaIiVdVgPpApDrArQdSrSmCiYiImMgCmFiVmShAfCfNlDlFmSaVgRdLdLgKhDfTgPpFqIeSdQdQpNdFdFdQdGyPdVdEdDdAnIpTaAdAdIfGpRfVfAfDwTfVfGaTaGfPaTdNlSfElAfIqPlArLaTaAqAlEsTlGsHfTfSaQlVqVfPlGlDaTfMfQgTfRaHtVfKaNaYrHgStRnSvEcSrTgIlEqNnFnLqCqRrSwAdCfVqYdFkTdEkYaKkNpSdGdAqKaRqYkAdEkWfVfLdTdPlRlQsAdAqQrLsRlRlKsLqEqFqFfTqYwVkRfFfDkLkEkLkTwFkVdIkTdSkTdQfQdPdSdTpTdQpNpQpDpApQdIfLwTkHkQkIkMwYwVfPfPaGrGfPdVdPaDpKgVpDlSgYlVlWsQlTfSlTlNtPfSiVaFiWdTtEpGpNgArPtPiRmMhSiIfPaFaLfSfIlGrNsAtYaSgNsFwYtDqGgWaSlEfFlSaRqNpGhVrYgGtIdNfTlLrNnNrMlGtTmLmYmAmRhHiVpNdAdGdSdTpGgPmImKmSmTmImRtImYiFiKgPtKhHpVmKmAgWgIsPgRdPrPrRrLnCfQyYdEpKdAsKpNdVsNhFgQdPrSdGrVsTtThThRdQnSdIsTyTdMyTdNdTdGyAdFdGdQfQpSdGlAwVaYqVaGaNqYkRiVkVhNqRlHlLvAqTdSpAqDlWvQvNqCfVpWdEdSdYpNlRlDsLiLtViSgTgThTpAdHgGgCpDfIdIqAfRlCdQpCdTqTwGfVwYwFqCaApSvKvNnKdHtYdPiIwSrFwEdGdPqGaLwVdEfVdQdEdSdEpYrYdPpRtRdYtQrSgHgVkLtLkAtAqGaFaShEdPpGpDsCfGsGiIfLtRdCdEpHrGtVtIqGfItVfTpMdGdGdEpGrVmVtGiFtArDgIcRsDvLvLnWvLsEnDvDvAnMpEdQpGdVpKlDnYlVlEvQvLvGcNvAvFvGdSvGvFsTsNvQvIlCvEvQvVvNvLvLlKvEvSvLcVpGpQlDpSdIlLlErKqSlLvKrAlLvVsKlIlIvSsAlLlVvIqVlVlRvNcHlDpDdLpIpTsVnTvAvTsLcAvLvIsGvCnTpSaSdPsWlRvWvLsKlQvKvVnScQvYsYlGvInPnMdAdEdRnQrNdNdSpWrLvKvKvFvTvEvMvTsNvAlCsKnGaMlEvWsIvAlVvKsIlQvKvFsIlEcWcLlKvVvKpIvLlPvEvVlRvElKsHlErFsLsNhRsLsKnQsLsPsLsLsEsSsQhIsArTsIsEsQsSpAsPsSrQsSnDsQsEsQsLsFsSqNlVlQlYvFsAsHnYnCnRrKsYrArPsLtYrAsAsEsAsKrRrVsFsSsLnEsKsKsMsSsNsYsIrQsFnKrSiKgCaRaIfEfPaVaCeLaLeLeHeGeSaPvGqAlGcKlSsVvAlTlNsLsIlGsRhSlLsAsErKnLnNsSfShVtYtSeLdPdPqDaPdDsHhFnDsGsYhKsQsQrAqVeVgIeMyDeDaLqCcQpNdPvDqGnKnDsVcSlLcFvClQsMqVrSrSsVrDfFdVsPtPrMtAnArLsEsErKsGtIrLtFsTsShPnFyVyLyAySyThNnAdGpSaIdNdAhPpTnVdSpDdSsRvAsLvAvRvRsFnHpFfDyMwNyIkEdVfIdSpMvYqSdQdNpGnKhIgNvMsPsMqSqVsKpTfCdDpDvEpCdCcPqVsNrFhKsKtCdCgPcLqVqCsGvKvAgIiQwFiIqDrRpRvTlQsVdRtYdSgLsDsMrLvVsTsEvMsFsRvElYsNvHvRsHnSvVvGrTvTvLvEpAvLsFpQdGdPrPrVaYnRdErIrKnInSnVpApPpEpTdPaPqPpPvAvIlAnDcLvLvKvSvVdDvSdEsArVnRsEsYsCnKnEsKsGsWnLrVyPsEnIhNpSnTnLvQnIsEvKvHsVsSvRsAsFvIsCsLsQvAsLsTvTsFsVsSvVvAsGvIvIvYsIvIsYsKcLvFvAsGvFpQdGdApYpTdGdVdPdNdQpKpPdRpVpPpTpLpRdQrAqKhVhQpGhPsAqFlEsFvAlVvAvMqMcKvRqNfSwSwTwVkKdTdEpYvGgEiFaTiMwLgGhIaYwDfRqWkAiVkLfPfRvHvAsKvPhGpPqTwIiLqMtNnDnQdEiVwGgVwLpDdAkKdEfLdVaDpKpDvGrTaNgLlErLmTiLmLtKgLiNdRdNpEdKiFgRpDhIlRlGqFqLeArKqEaEqVdEkVtNqEwAkVwLwAfItNdTdSpKvFqPhNrMdYiIhPtVqGgQtVkTdEfYpGaFwLdNcLdGpGnTgPtThKgRqMkLiMkYtNqFdPqTdRdApGpQsCfGnGiVfLiMtSgTnGsKhVtLaGfItHwVhGaGaNpGrHgQmGtFmSgArAgLtLhKsHvYvFpNdDdEqQaGqEdIqEpFdIkEdSfScKvDvAvGvFhPdVfIfNdTaPdSqKdTfKlLkEdPfSfVpFlHqQvVlFfEdGaNqKwEdPwAaVhLfRdSqGpDpPpRlLaKlAaNrFqEvEcAqIqFrSrKlYnIrGhNaVqNpTdHaVcDdEpYlMlLvEvAlVlDvHvYlAlGvQlLlAvTvLlDvIqSdTqEaPfMdKdLlElDcAlVaYcGhTdEqGlLtEhAhLdDdLqTpTdSaAlGfYpPpYcVsAvLvGvIhKgKsRcDnIqLaSdKnKvTvKsDdLnTsKsLvKvEvCvMcDsKnYpGpLeNlLdPaMwVeTkYyVfKdDtEdLiRdSgIsEvKcVrAhKnGnKnStRyLiIaErAaSgShLnNnDhSqVsAvMlRcQrTrFcGvNsLvYsKsTsFcHlLvNdPaGfVqVsTlGlSeAnVpGnCpDdPqDlLaFcWlSlKvIhPpVvMrLaDdGaHfLkIdAfFwDaYwSrGsYlDqAsSqLfShPpVnWlFlAvCsLlKlMvLsLvEvKsLsGpYhTdHpKvEsTsNvYvIsDvYsLqCqNwShHwHyLhYyRrDrKmHiYtFiVhRhGgGgMgPrSnGrChShGcTsSfIsFsNlSsMvIsNcNsIsIlIvRsTsLlMcLcKvVqYpKpGpIdDdLcDvQqFkRtMkIhAdYgGrDrDgViImAiShYhPnWdPdIdDqAvSvLsLsAqEvAvGvKvGsYrGrLiIhMiThPaApDpKnGdEpCdFnNdErVdTdWlTqNrAdTaFgLpKqRfYgFwRdAaDdEpQvYgPrFsLrVtHqPrVaMhPdMvKnDvIlHsEnSqIlRrWiTdKsDdPnKvNcTnQlDvHsVvRqSvLsClLlLrAqWlHsNvGdEqHvErYsEvEvFvIlRvKsIlRcSvVdPpVvGsRvCpLhTdLhPdAhFsSvTrLsRvRvKvWsLvDvSvFd
POLG_HCVJF,MdSfTfNyPdKdPdQdRdKfTaKaRdNdTdNdRdRfPdEdDdVfKlFqPfGfGdGdQfIfVfGfGkVwYeLdLfPdRdRdGfPfRfLfGaVvRfTdTfRaKfTfSfEdRdSdQdPdRdGdRvRpQdPdIdPqKdDfRqRfSfTfGdKaAdWdGaKaPdGfRtPmWfPaLdYgGdNpEdGdLdGlWqAqGlWlLaLfStPtRaGfSdRdPfSdWpGpPpTpDfPpRfHfRpSqRdNqVlGlKrVhIlDlTnLvTlCvGnFnAlDsLnMlGlYsInPnVpVrGsAqPvLvSnGlAvAsRvAvVvAsHvGvVvRlVlLvEvDlGlVcNsYlAvTvGpNpLdPpGdFsPcFvSsIsFvLvLsAvLlLvSrClIlTlVdPdVdSpApAdQqVpKdNdTfSfSfSaYdMfVlTaNqDfCaSdNpDsSqIfTpWaQdLdEpAfAkVtLfHgVqPqGrChVfPfCfEfRdVdGpNvTdStRrCtWfVcPcVpSdPsNgMmAgVgRnQdPdGqApLqTlQvGvLlRlTlHvIlDlMvVlVlMlSlAlTlFvClSqAvLvYvVvGlDqLvCsGlGvVvMlLvAvAvQvVlFvIdVfSrPdQpYnHtWhFgVdQpEpCdNnCrSpIpYpPpGaTlIcTdGsHvRnMsArWvDcMsMsMcNvWrSaPlTpAsTvMlIvLvAqYlVvMvRqVlPvEvVlIvIvDcIcVvSvGvAvHsWvGsVlMvFsGsLlAvYsFcSvMvQvGvAvWvAvKsVnIvVvIsLsLsLsAsAsGnVrDdAdGdTpTdTcVpGpGpAvVvAvRvSvTvNvVvIvAcGvVvFvSpHdGdPfQdQpNpIpQcLcIdNdTdNdGdSdWdHdIpNpRqTqAqLpNpCvNpDpSpLnNgTaGdFpLvAnAsLvFpYpTpNpRdFrNdSpSpGpCqPvGvRlLlSvAlCaRdNfIlEqAqFaRdIeGdWfGaTdLwQaYfEdDpNdVqTpNdPdElDnMnRrPhYlCfWpHlYrPpPdKdPdCfGaVwVaPqAlRsSsVaCsGaPfVkYfCqFdTdPvSfPtVdVgVqGaTfTdDfRvRvGnVrPrTdYnTcWsGnEvNdEsTrDgViFrLrLrNpSdTpRpPdPdQdGdSkWrFrGaCtTwWgMaNgSsTqGqFfTtKdTgCfGaAdPgPfCiRdTsRdApDpFpNdAdSpTrDhLrLgCdPgTpDpCcFvRqKqHaPvDvAcTfYlIvKnCpGaSfGdPhWhLhThPvKfCkLtVwHrYaPpYfRsLsWhHhYgPdCdTdVdNrFfTnIfFaKfIaRwMaYdVdGrGrVhEtHqRtLtTgAiAgCgNhFpTgRgGtDgRdClDqLvElDvRlDqRdSdQpLqSfPsLrLsHrSgTiTtEwWwAqIaLfPaCsTnYdSdDpLdPrApLpSsTqGqLqLqHcLhHrQyNrIgVrDgViQgYtMrYhGyLsSsPsAsIvTvKcYsVvVvRpWvElWvVvVsLlLsFsLsLvLsAsDvAsRpVvCsAnCvLvWsMsLvIvLsLsGqQpApElAlAlLvElKlLlVlVlLlHlAlAlSlAlAlNvCvHvGhLpLvYsFnAvIvFlFvVvAcAvWvHvIpRpGaRlVcVsPsLlTvTsYcCvLvTsGvLvWvPvFsCnLvLlLsMvAlLqPdRcQsAnYhAhYdDdApPpVvHnGvQpIvGvVlGvLvLlIvLvIvTlLvFlTlLlTwPlGcYsKlTvLcLlGvQvClLlWsWvLlCsYsLvLlTsLvGlEsAsMvIsQvEvWqVrPpPsMcQsVpRrGdGpRsDnGvIvAsWvAvVcTsInFpCvPsGpVvVsFnDvIvTsKvWvLsLcAvLpLnGsPvAsYsLsLvRnAvAcLsTqHqVdPfYlFqVsRnAvHvAsLlIqRvVvClAvLvVcKvQvLpApGvGpRlYpVvQnVvAvLsLvAvLsGvRlWlTqGpTnYfIwYfDlHlLlTcPcMlSvDpWcAvAvSvGvLcRvDvLsAcVsAsVvErPdIpIpFcSdPpMvEnKnKvVvIvVlWqGqAsElTwAqAfCqGqDaIfLaHaGlLfPgVqSqAwRfLfGfQsEiItLaLgGaPfAlDqGaYfTlSlKqGlWtKaLgLrAfPlIwTfAkYeAwQfQfTpRfGdLlLvGrAqIlVvVlSfMqTfGlRaDdRqTdEqQfAfGfEqVkQfIfLwSdTfVlSfQaStFaLiGwTgTaIaSqGqVkLtWkTfVfYcHqGhAaGfNqKfTfLfAsGaLnRvGgPtVfTgQwMlYfSdSfAlElGlDrLmVtGiWtPgSdPhPhGhTfKfShLaEaPaCdKqCfGlAaVqDwLkYwLfVfTaRlNlAqDaVtIfPtAwRgRaRaGaDqKfRkGtAfLfLlSfPfRaPqIvSvTlLrKfGrShSgGnGfPfVtLfChPsRlGfHhVgVqGfLtFfRhAfAfVfCdSfRlGrVtArKgSmItDgFgIrPgVvEvTvLvDvVvVrTvRvSpPpTsFdSpDqNlScTdPqPdAdVqPdQpTaYaQdVeGgYeLhHaAhPaTpGpSsGqKlSpThKpVnPcVvAvYvAvAvQvGpYwKqVeLeVeLeNdPqSfVlAaAvTlLvGvFsGqAvYvLcScKvApHvGvIdNrPeNfIgRaTeGpVvRdTtVdMdTpGpEgAsIyThYySyTyYlGqKrFcLlAqDvGvGhCaAaSaGpAnYgDqIeIyIeCyDaEpClHlAdVlDaAlTsSsIlLlGsIvGlTsVcLlDlQcAvEnTvAsGnVhRrLyTyVyLdAyTdAnTaPfPfGsSrVaTdTdPdHdPpDqIeEaEeVaGeLaGaRqEdGaEpIaPdFaYlGnRgAhIdPhLpSvCvIlKpGwGwRfHeLeIeFeCdHaSdKqKvKvClDvEvLrAqAvAvLcRvGvMvGvLaNaAeVdAeYeYeRpGpLdDaVpSvIrIdPdAqQdGtDrVyVyVyVyAyTyDcArLcMlTrGyYdTdGaDaFtDqSeVyIeDyCaNqVkAyVwTaQwAaVkDaFqSpLcDpPpTgFiTaIiTdTiQdTiVaPgQaDaArVvSsRvScQsRsRrGvRsTyGrRdGvRhQrGhTyYyRyYyVhSaTqGaEhRgArSgGqMeFhDhScVvVsLvClElCnYcDlAcGcAvAlWpYnDvLhTqPlAvErTsTlVsRsLsRvAsYsFsNvTdPgGrLgPrVhCyQfDpHcLsEvFlWsEnAqVlFsTvGlLlTpHdIfDdApHqFqLlSvQvTlKvQvAvGvEdNrFsAsYpLvVlArYsQlAlTrVvCqAvRvAvKlAaPdPrPqSdWpDpApMsWnKvCsLcAvRvLvKrPvTrLrAhGdPaTrPqLdLqYyRhLhGdPhIrTpNgEhVhTdLcTpHdPpGsTnKvYsIsAsTvCsMsQsAgDgLdEgVdMnTdSdTpWdVpLaAlGlGpVvLsAvAsVvAsAsYnCsLnAgTnGtChVtSyIrIrGiRfLmHaVmNlQqRfVaVlVlAqPaDaKlEaVlLlYaEqAlFlDvEvMqEpEqCpAlSvRcAvAcLvIvEvEvGvQvRcIvAvEvMvLcKvScKvIvQvGvLcLvQvQvAcSvKvQvAcQvDvIcQvPvAvMcQvAvScWvPvKvVvEvQvFvWcAvRvHcMvWlNvFvIqSlGvIcQlYqLvAvGlLlSvTcLlPlGpNaPlAlVsAsSlMlMsAlFlSvAsAlLlTsShPpLdSdTlSvTvTlIlLvLsNlIvMvGsGlWvLsAsSvQsIrAhPpPnAqGsAsTcGlFsVsVvSsGsLnVvGsAvAvVlGsSpIdGdLvGcKlVvLvVlDqIvLlAlGlYqGlAcGqIlSlGlAlLlVcAlFlKcIvMqSlGvEhKrPqSrMsElDsVsIsNsLnLnPsGcIvLsShPvGsAsLsVsVsGnVnIsCnAnAvIvLlRcRsHvVlGnPgGcEcGcAvVlQvWvMqNlRvLvIvAvFvAvSdRpGdNdHdVdAdPpTpHsYrVpTpEsScDvAsSsQvRvVvTsQvLvLsGsScLsThIpTvSvLvLvRvRvLvHvNcWvIvTpEpDdCdPdIdPdCdSdGdSpWvLvRvDvVvWvDvWvVsCvTvIvLsTvDcFvKvNvWvLsTcSvKsLsFvPrKlLcPcGlLqPlFqIvSqCfQqKfGfYaKqGfVfWkAaGdTfGkIwMwTwTtRqCgPsCvGrAwNgIwSiGfNgVrRgLrGsShMtRsItTdGtPdKsTsChMsNsTsWsQvGvTgFhPgIsNaClYrTtEdGiQlCiAaPhKqPdPdTqNdYfKqTwAfIwWaRcVlAdAlSaEwYiAfEiVwTgQdHdGdSpYfStYaVrTqGfLiTlTdDaNqLaKaIdPeClQdLdPdSrPpEsFrFtScWdVtDnGsVgQgIrHrRhFpArPdTpPhKhPdFtFdRrDpEpVgSwFyCdVhGdLnNdStYhAhVrGrSdQtLsPpCdEdPdEdPdDdApDvVvLvRvSvMvLpTdDdPdPdHfIdTdAdElTlAvAvRvRvLvApRvGdSrPrPrStEpAvSdSdSpVrShQdLpSpAdPdSdLdRdAdTdCqTpTdHeSpNpTnYwDdVgDvMvVhDpAcNvLpLmMyEaGdGdVdAdQdTdEdPdEdSdRdVdPdVdLdDdFdLdEpPaMaAaEdEdEdSdDdLdEdPdSdIgPpSrEdCdMdLdPdRdSdGgFhPpRpAvLdPdAvWvAcRpPpDdYdNdPdPdLdVdEdSdWvRvRpPpDdYdQdPdPdTdVdAdGdCdApLdPdPdPdKdKdAdPdTpPpPdPhRhRdRdRdTpVpGpLpSpEpSdTpIqScEvAvLcQpQvLqAvIpKpTaFdGdQdPdPdSdSyGdDdAyGdSdSkTkGkAdGdAdAdEdSwGdGdPdTdSyPdGdEdPdAdPdShEyTdGdSdAdSdSdMdPdPdLdEdGdEpPdGdDdPdDdLdEdSdDdQdVdEdLdQdPdPdPiQiGdGdGiVmAmPiGdSdGdSdGdSdWdSdTdCdSdEdEdDdDpTfTkVdCfCfSdMkSqYwSfWfTpGsAnLqIfTdPdClSdPdEaEfEfKwLfPdIpNdPsLlSlNcSqLfLfRvYsHrNsKqVkYtCwTaTaSsKvSlAvSvQvRqAvKvKqVlTtFdDtRaTiQaVgLdDdApHlYlDvSvVlLlKvDlIlKlLvAlAlSlKvVaSaAfRaLfLdTdLqEqErAlClQcLfTfPrPnHqSpAdRaSfKpYqGpFgGgAsKvEcVsRnSvLvSpGpRsAlVvNvHvIlKvSvVvWlKvDvLlLlEvDdPqQaTaPaIaPeTwTaIkMhAfKgNtEaVmFgCgVgDhPtAvKsGsGgKdKdPhAgRdLiIaViYaPgDgLpGsVvRlVsCsElKcMrAqLcYvDrIvTqQqKtLsPlQcAsVrMqGpAvSqYeGqFlQqYaSaPqAqQrRsVqEvYsLlLvKvAlWlAvEpKaKpDqPkMkGkFkSkYfDhTfRrCsFlDqSsTlVaTaElRvDlIlRvTsEvElSsIsYnQvAsCySnLyPdEpEsAsRnTsAsIsHsSsLcTsEnRrLyYqVqGkGhPfMyFaNhSsKsGrQdTgCgGtYiRgRrCgRgArSqGqVaLqTcTqSfMvGsNqTqIvTsCcYvVsKqAqLsAsAlCcKvAqAlGvIfVaApPwTrMwLhVgCgGrDvDiLiVmViImSgEhSdQpGdTqEvEsDvElRsNsLlRvAsFsTqEvAsMsTvRnYrSsAgPhPrGpDdPrPmRdPiErYsDrLqEqLnIhTsStCsSqSwNgVwSwVwAwLaGfPpRvGrRdRiRdYiYgLiTrRhDqPsTnTsPrLsAsRsAsAsWsEsTnVrRiHrSnPsIaNhSsWnLsGsNsIsIsQrYsAsPsTtIlWsVsRlMqVrLsMsTnHsFsFsSsIsLnMsVsQnDsTrLqDsQgNfLsNwFhEsMaYlGqSrViYeStVhNhPsLlDcLsPlAlIsInEcRlLrHrGnLlDrAsFqSgMtHdTsYhSrHsHsEnLnTsRsVsAsSrAnLsRsKnLrGvAhPrPrLsRvVvWsKlSsRsAnRnAnVsRsAsSsLqIcSvRsGrGdKsAsAvVvCsGsRlYrLsFnNlWvAsVdKpTpKhLdKdLdTdPnLnPsEvAnRvLvLsDsLsSvSnWsFsTrVgGnArGsGsGsDsItFrHrSrVsSpRpAvRnPvRvSsLsLvFsGrLsLsLsLnFpVsGdVrGrLdFhLrLgPrAvRd
PTEN_HUMAN,MdTlAlIvIlKqEcIvVlSlRpNfKwRdRfYdQdEpDpGnFdDtLaDqLkTfYcIlYdPpNqIeIiAqMgGaFdPcAdEdRdLpEvGcVsYrRhNpNpIvDlDsVvVlRvFvLcDcSvKqHqKnNvHqYeKaIeYeNeLaCaApEpRdHdYdDdTcAvKsFvNvCvRrVyAhQyYnPyFdEyDpHpNaPaPgQfLlEvLsIqKpPvFlClEvDvLvDvQvWsLcSvEvDdDvNsHhVhAyAyIyHyCyKhAnGrKaGaRhTvGlVlMnIvClAlYnLcLlHvRvGvKvFdLlKaAlQvEvAsLlDqFsYcGlEvVrRtTgRnDvKsKrGgVhTqIfPlSqQsRsRqYsVsYlYvYsSsYvLcLvKvNvHvLhDdYdRdPkVfAkLwLfFwHfKkMkMkFkEqTaIaPfMqFpSdGpGhThCfNfPkQwFkVwVkCdQdLrKpVdKtIqYdStSdNdStGhPaTpRdRdEdDdKgFmMgYmFhEgFdPpQgPgLgPiVdCiGgDkImKkVmEwFmFwHgKdQdNpKpMdLpKdKtDhKtMdFwHmFhWiVdNhTpFvFqIqPdGdPpEpEpTpSdEdKhVrEdNrGrSfLpCdDpQdEpIpDpSpIpCpSpIpEpRcApDvNpDlKvEaYwLrVkLdTkLdTaKlNrDsLiDgKpAsNvKvDpKpAvNcRnYgFhSdPnNrFiKmVmKmLiYtFiThKgTpVdEpEpPdSpNdPpEdAdSdSdSdTdSdVdTdPdDdVdSdDdNdEdPdDpHdYpRpYpSpDpTdTdDsSpDpPvEvNdEdPpFpDpEpDpQdHdTdQdIdTdKdVd
Q2N0S5_9HIV1,MdRdVdMdGdIdQdRdNdCpQpHpLvFvRvWvGvTvMvIvLvGvMvIvIvIvCvSvApApEqNfLwWfVkTkVkYfYfGqVaPlVaWwKfDfAdEdTaTqLwFfCkAeSaDcAdKdAlYpEpTpEaKfHaNaVlWlAcTnHlAlCgVfPhTdDdPpNdPwQdEkIfHwLaEaNqVdTkEdEwFfNaMlWvKpNfNcMvVlEvQnMvHvTvDsIsIlSqLsWnDvQvSqLqKvPpCfVfKwLpTlPqLqCqVdTkLwQfCwTdNwVdTpNdNpIaTdDpDvMcRtGpEqLkKiNkCtSwFdNwMfTaTaEqLdRrDvKdKiQdKiVdYiSfLiFaYgRpLlDqVkVdQfIdNcEpNpQpGpNdRdSdNpNdSgNrKtEiYiRgLgIpNcCnNvTwSaAtIeTtQeAgCdPpKrVySdFhEfPwIgPfImHkYiCfAaPfAqGqFkAwIkLkKfCaKpDdKlKqFdNqGlTgGdPmCgPrSiViSmTiVtQgCiTdHgGgIdKtPlVwVfSkTfQfLfLfLwNpGaSdLaArEqEpEaVkMhIwRhSwEpNdIpTvNdNlAvKiNkIiLkViQfFhNnTdPwVwQkIkNkCkTkRqPqNwNfNwTdRwKdSwIdRhIrGhPdGvQhAiFdYiAgTtGdDdItIpGdDyIhRdQfAiHkCmNwVtSqKpAlTvWlNlEvTrLvGvKrVvVvKvQvLvRcKvHpFlGhNlNqTaIkIeRaFfAaNaSdSpGdGdDdLqErVwTrTfHiSwFgNdCfGrGqEwFiFkYgCwNhTcSrGqLsFrNgSwTiWdIgSnNpTdSrVtQpGdSdNpSdTpGdSsNgDdSiIdTmLiPtCiRdItKdQqIwIdNdMrWlQpRdIiGhQyAiMyYgAgPhPdIdQgGgVmItRmCdVmSiNiIgTgGmLgIiLwTgRwDpGdGdSpTdNdSsThTyEtTyFiRyPgGgGgGsDhMsRsDvNnWvRsSvEhLcYsKrYmKgVmViKgIdEdPrLiGaVmAdPiTdRsAdKaRdRdVpVdGdRdEdKdRdAdVdGdIdGdAdVdFaLsGaFaLsGnAcAqGsSpTfMqGqAvAsSsMsTnLsTvVrQsAvRvNsLsLvSvGsIlVvQvQvQvSvNsLvLvRvAsIcEvAsQvQvHpLdLnKcLpTrVpWsGsIvKsQvLvQvAsRnVvLvAsVvEvRvYvLvRvDvQqQvLlLcGvIlWlGvCnShGpKhLsImCdThTyNnVhPtWdNdScSvWlSdNvRdNdLpScEcIrWgDhNpMdTgWrLnQvWvDcKvEsInSvNvYcTvQvIvIvYsGvLvLsEnEvSrQsNvQvQsEvKvNvEvQcDvLvLpApLpDvKvWvAvSvLvWvNvWvFvDpIvSpNvWvLvWvYvIvKvIvFvIcMcIvVvGvGvLvIvGvLvRvIvVvFvAvVvLvSvVvIvHvRvVvRpQdGdYdSdPdLdSdFdQdTdHdTdPdNdPdRdGdLdDdRdPdEdRdIdEdEdEdDdGdEdQdDdRdGdRdSdTdRdLpVdSdGdFpLvAcLvAvWvDvDvLvRvScLvCvLvFvCvYvHcRvLvRvDvFvIvLvIvAvAvRvIcVvEvLvLvGvHpSpSdLpKdGpLcRpLpGcWvEvGvLvKvYvLvWvNcLvLvAvYvWvGvRvEvLcKvIcSvAvIvNvLvFvDvTcIcAvIcAvVvAvEvWcTvDvRvVcIvEvIvGvQvRcLvCvRvAvFvLvHpIpPpRpRpIpRpQpGpLvEvRvAvLpLd
Q59976_STRSQ,MdVdPdAdAdQdQdTpAdMpAdPlDpAdAwLfTfFdPdEpGqFfLaWeGaSaAeTdAeScYlQwIaEaGaAcAcApEpDqGqRqTaPaSfIlWqDqTvYqAlRcTpPpGpRlVaRpNvGsDfTgGsDnVcAkTlDnHcYlHvRcWvRlEvDlVlAvLlMcAlEvLlGvLhGqAeYyReFySeLqAqWcPsRqIqQpPvTlGlRdGdPhAgLrQvKvGsLlDvFsYvRqRvLnAlDvEsLnLvAvKsGnIyQaPyVeAyTeLhYdHdWqDrLhPrQvEnLcEvNvAvGpGpWlPlEdRlAvTsAlEvRsFlAlEvYsAlAlIvAnAcDqAsLcGqDvRrVhKqThWyTaTyLdNaEaPlWlCcScAqFlLcGcYaGpSqGlVsHfApPpGrRhTrDaPlVsAsAsLlRsAsAlHlHsLvNlLlGsHlGlLsAnVvQvAsLnRcDvRrLhPdAvDrArQfCySeVyTeLhNaIqHaHaVeRdPeLpTdDpSdDpAqDsAvDvAlVrRvRlIvDnAlLsArNpRqVsFrTcGvPlMaLaQpGlAdYrPdEpDvLnVcKvDlTqAvGvLpTdDnWpSpFvVdRdDpGcDrLsRvLsAsHhQdKdLgDqFaLyGeVyNeYyYeSaPhTwLyVkSgEfAaDpGfSfGaTdHcNcSqDvGlHnGdRdSgApHgSgPsWrPrGsAsDrRrVmAhFtHdQaPdPdGaEdTaTaApMsGrWgAhVqDdPlSvGsLlYlEvLvLlRvRvLcScSvDvFpPvApLhPaLyVeIhTaEeNyGwAtAwFhHdDwYdAqDdPpEvGrNaViNeDdPvEvRrIlAvYsVvRlDsHnLvAvAsVvHsRvAsIvKvDvGrSrDrVyRrGyYyFhLyWpShLqLeDqNtFqEpWgAsHhGgYsSrKtRgFtGhAcVwYyVaDpYrPvTvGsTdRtIhPrKhAlSsAsRnWvYsAsEvVcAsRvTrGsViLrPaTdApGsDhPpNcSvSvSvVsDvKvLvAsAvAvLvEvHvHpHpHpHdHd
R1AB_SARS2,SdGaFdRdKfMdAaFpPdScGvKlVqElGlCfMwVkQwVkTaCaGdThTaTiLaNiGwLgWaLaDfDqVkVtYkCfPfRlHcVnIlCpTdSpEvDcMqLaNpPpNpYsEvDvLsLvIvRpKdSdNqHvNrFiLwViQdAdGdNpVdQtLwRrVfIpGdHwSdMdQqNaCgVmLiKiLtKgVtDpTgAtNrPpKsThPfKaYeKdFfVdRaIdQaPfGlQaTkFwSkVwLqAfCdYaNnGrSgPtSdGdViYgQmCwAtMqRfPnNlFrTwIiKdGdSdFhLdNpGrSrCfGhSiVwGtFwNdIdDdYqDgCyViSyFtChYwMtHwHqMdEaLaPpTvGgViHtAwGtTgDtLrEsGhNhFtYrGhPdFdVdDrRgQpTdAhQdAdAgGdTdDgTaTfIaTvVlNqVlLlAlWlLvYlAlAlVvIlNvGpDnRdWpFlLaNdRpFdTfTdTdLlNvDvFlNqLvVlAsMvKvYvNrYhEdPrLdTdQpDvHsVlDvIlLlGvPvLsScAvQvTnGvIhArVsLrDsMsCsAvSsLvKsEcLcLsQvNpGpMcNvGpRdTdIrLsGnSdAsLdLrEdDrEgFaThPnFvDnVsVcRcQvCsSvGvVpTdFsQd
RASH_HUMAN,MdTaEeYaKeLeVeVeVaGfAaGaGpVlGcKlSvAlLlTvIcQcLvIaQpNvHdFgVdDpEdYdDdPfTdIdEwDdSwYdRwKdQwVdVdIfDpGnEdTtCyLiLyDtIyLiDrThAgGnQdEpEpYpSvAvMcRvDlQvYsMlRlTvGhEqGeFyLeCqVtFgAeIqNlNdTvKvSrFvEvDcIsHvQvYvRlEvQsIsKcRvVsKnDvShDlDqVgPqMyVeLyVeGhNeKdCpDvLdApAnRgTpVhEdSpRvQnAsQvDvLvAcRvSvYsGvIyPhYyIfEyTySyAsKpTvRgQpGcVsEvDvArFvYsTsLsVvRvEsIsRvQvHvKvLvRcKvLvNpPpPdDpEpSpGdPpGpCdMdSdCdKdCdVdLdSd
REV_HV1H2,MdApGpRpSpGpDvSlDvEvEvLvIvRvTlVvRvLvIlKvLvLqYvQvSvNlPdPqPdNdPpEdGdTdRpQvAvRnRvNvRsRvRvRvWsRvEvRsQvRvQvIsHvSvIvSsEvRvIvLvScTvYsLvGpRdSpApEpPdVpPpLpQpLdPpPdLcEvRpLpTdLpDqCpNpEpDvCvGpTdSvGvTdQdGdVdGdSdPdQdIdLdVdEdSdPdTdVdLdEdSdGdTdKdEd
RL401_YEAST,MdQwIeFwVeKaTeLpTvGgKdTiIdTiLdEdVdEdSqSfDdTfIpDlNnVvKlSvKvIvQcDvKvEvGvIdPdPsDvQqQkRwLkIdFdApGnKdQtLgEdDrGgRdTgLnSvDvYvNpIdQdKpEhSyTyLiHyLiVdLtRrLdRdGdGdIpIdEdPpSvLvKvAvLvAcScKqYpNpCqDfKwSkVaCaRpKpCpYrAdRtLhPgPnRpAdTqNfCdRpKdRpKvCvGvHrTdNsQrLiRdPtKhKdKdLdKd
SC6A4_HUMAN,MdEdTdTdPdLdNdSdQdKdQdLdSdAdCdEdDdGdEdDdCdQdEdNdGdVdLdQdKdVdVdPdTdPdGdDdKdVdEySdGdQdIdSdNdGdYdSdAdVdPdSdPdGdAdGdDdDdTdRdHdSdIpPpApTvTvTvTvLvVvAvEvLvHvQlGvEdRfEaTaWeGpKdKpVvDlFlLlLlSlVlIlGlYqAlVfDaLpGcNlVqWaRvFlPlYlIlCcYlQvNqGfGfGqAqFlLvLvPlYlTvIvMlAcIqFqGaGqIlPlLlFlYlMlElLlAlLlGlQqYlHvRlNaGfClIqSvIsWcRlKfIfCfPqIlFqKsGlIlGlYlAlIlClIlIlAlFlYlIcAlSqYqYlNlTlIlMlAlWlAlLvYvYlLlIvSqSlFpTdDpQaLrPqWlTqSdCqKpNdSpWqNhTdGpNlCeTdNdYlFpSpEdDpNdIdTdWhTdLpHsShTdShPsAlEvEsFcYvTqRcHpVsLlQvIlHvRvSaKpGaLpQvDgLlGaGaIfSdWvQsLsAlLvCsIsMvLvIlFlTvVvIlYlFvSqIdWlKvGhVsKhTsSvGsKvVvVsWvVcTlAsTvFlPlYvIvIlLlSvVvLlLlVvRvGlAvTpLaPpGqAlWvRlGlVsLcFsYnLhKrPgNdWvQvKsLvLvEdTpGvVsWsIlDsAsAnAlQsIsFcFvSsLsGpPrGlFsGrVlLsLsAlFsAsSsYnNhKhFlNqNdNdCsYsQvDsAsLvVvTsSsVvVvNsCnMvTsSsFvVsSsGsFsVsIlFsTsVlLlGsYnMvAcEvMsRnNvEhDhVsScEvVlAsKvDdAdGdPsScLsLvFsIrTsYvAlEnAsIlAsNpMdPdAvSsTsFvFsAsInIsFsFsLvMsLnIsTsLsGsLsDsSnTsFsAsGsLlEsGsVsIlTsAnVvLcDrEvFvPvHpVpWpAvKvRpRsEsRvFvVsLvAvVsVsIvTsCsFsFvGsSnLsVcTlLrTtFsGnGnAvYsVvVsKvLlLsEvEqYqAaTnGrPlAlVsLlTvVsAsLlIvEvAlVcAlVvSpWpFlYsGhIvTvQvFvCqRvDsVvKcEvMrLhGvFhSgPdGdWpFsWsRnIcCsWsVnApIsShPsLvFsLsLvFvInInCvSvFcLvMvSdPpPdQfLdRdLdFpQnYdNtYdPdYpWcSsInIvLvGsYnCvInGnTcSvSsFvIvCsIsPvTvYsIsAvYvRqLqIvIpTdPdGdTdFsKvEvRsInIvKvSsIsThPrEdTdPpTvEdIdPpCpGpDpIpRpLpNdAdVd
SCN5A_HUMAN,MdApNpFpLdLdPpRqGeTlSvSlFwRaRaFdTdRpEvSlLlAvAvIlEvKvRlMlAvEvKvQvAvRvGvSvTvTvLvQvEvSpRpEdGdLdPdEpEpEpAqPdRdPwQdLpDqLqQdAaSfKhKaLnPdDcLrYnGpNdPhPdQpEvLqIaGlEgPwLtEqDdLsDtPpFnYcSsTnQpKqTkFtIwVhLaNhKpGrKrTgItFhRiFaSgAqTdNaAaLvYnVhLrSgPcFpHhPpIlRlRsAvAlVsKsIlLvVrHdSpLvFnNvMvLvIlMvCvTlIlLvTvNvClVvFqMlAqQfHlDdPrPdPpWcTvKvYvVvEvYvTvFsTlAvIsYlTvFvEvSlLvVsKqIsLsAhRhGhFdCdLdHdApFrThFqLvRvDpPpWlNsWvLlDsFvSvVlIsIvMlAvYvTcTvEvFvVdDvLpGvNpVpSlAvLsRvTlFsRnVlLcRsAlLvKvTvIcSvVvIdSpGlLsKvTlIlVvGvAlLlIvQlSlVvKvKlLcAvDlVlMvVvLvTlVvFlCvLlSlVlFlAlLlIlGlLlQlLqFcMaGlNlLqRqHkKfCwVfRfNdFwTdAfLdNpGpTaNpGdSwViEdAdDpGnLdViWdEnShLpDqLvYrLlSaDdPpEvNgYtLdLdKdNvGqTdSpDwVgLdLhCaGaNpSdSpDqAaGaTdCdPdEpGrYtRdCiLdKrAgGyEaNgPtDlHrGnYlTqSgFsDfSfFsAvWsAsFsLvAlLlFvRcLlMlTlQvDfClWvEvRvLvYvQnQsTrLcRnSrArGhKlIvYcMvIvFsFsMvLvVsIcFvLcGrSnFqYfLsVvNlLvIsLlAlVsVsAlMvAsYvEvEvQsNvQvAvTvIvAvEvTvEvEvKvEvKvRvFvQvEvAvMvEvMvLvKvKvEvHvEvAvLvTvIvRpGdVdDdTdVdSdRdSdSdLyEdMdSdPdLdAdPdVdNdSdHdEdRdRdSdKdRdRdKdRdMdSdSdGdTdEdEdCdGdEdDdRdLdPvKpSdDdSdEdDdGdPdRdAdMdNdHdLdSdLdTdRdGdLdSdRdTdSdMdKdPdRdSdSdRdGdSdIdFdTdFdRdRpRdDdLdGdSdEdAdDdFdAdDpDpEdNdSdTpAdGwEwSdEdSdHdHdTdSdLdLdVdPdWdPdLdRyRdTdSdAdQdGdQdPdSdPdGdTySdAdPdGdHdAyLyHyGdKdKdNdSdTdVdDdCpNdGdVdVdSdLdLdGdAdGdDdPdEdAdTdSdPdGdSdHdLdLdRdPdVdMdLdEdHdPdPdDdTyTdTyPdSdEdEyPdGdGdPdQdMdLdTdSdQdAdPdCyVdDdGdFdEdEdPdGpApRvQcRpAvLvSvAvVvScVvLvTvSvAvLvEvEvLvEvEvSvRvHdKpCdPdPpCvWvNvRvLvAcQvRpYpLqIdWpEpCdCdPpLvWlMvSvIvKlQvGvVlKlLvVvVlMpDqPlFvTvDvLvTvIlTlMvClIlVvLvNlTlLvFlMlAqLpEdHfYpNpMdTdSpEvFsEvEvMvLsQvVvGsNlLvVvFsTlGvIvFlTvAvEsMlTvFsKvIcIsAnLqDtPpYsYrYqFvQvQdGpWvNsIvFvDsSvIvIlVsIvLlSsLvMvEcLvGvLvSvRvMdSpNpLvSlVlLsRvSlFcRnLlLvRsVnFlKvLvAlKvSqWpPvTlLsNvTvLvIvKvIlIvGvNvSlVcGvAsLvGvNsLlTvLvVvLlAvIsIlVlFsIsFlAlVsVsGqMqQsLqFqGlKvNlYqSvEvLvRcDvSdDpSvGvLdLrPdRpWqHdMsMnDrFsFvHsAsFsLvIlIlFvRlIlLlCvGsEhWnIvEsTvMlWsDvCsMcEvVrSrGnQnSpLvCsLvLvVsFsLvLvVsMnVvIvGsNnLsVsVqLqNsLvFlLlAsLsLsLlSvSsFdSvAvDpNpLpTpAdPpDpEdDdRpEpMpNnNsLnQvLvAvLvAvRvIvQvRvGvLvRvFvVvKvRvTvTvWcDcFvCvCvGvLvLpRdQdRdPdQdKdPdAdAdLdAdAdQdGdQdLdPdSdCdIdAdTdPdYdSdPdPdPdPdEdTdEdKdVyPdPdTdRdKdEdTdRdFdEdEdGdEdQdPdGdQdGdTdPdGdDdPdEdPdVdCpVpPdIdApVpApEpSpDdTdDdDpQdEdEdDdEdEdNdSdLdGdTdEdEdEdStStKdQdQdEdSdQdPdVdSdGdGdPdEdAdPyPdDdSdRyTdWySyQyVdSyAdTdAdSdSdEdAdEdAdSdAdSdQdAdDdWdRdQdQdWdKdAdEdPdQdAdPdGdCyGdEdTdPdEdDdSdCdSdEdGdSdTdAdDdMdTpNpTcAvEvLvLvEvQvIpPpDpLvGpQpDpVvKpDqPaEgDqCqFdTdEpGvCvVcRvRvCdPvCvCsApVdDdTcTpQdApPvGnKvVvWlWsRvLlRlKsTvClYlHcIqVlEpHdSpWvFnEvTvFvIlIlFvMlIlLvLvSlSlGvAlLlAqFpEpDfIqYcLcEvEvRvKvTpIsKvVvLvLsEvYvAsDlKvMvFsTlYvVvFlVvLvEsMlLvLsKcWcVsAhYhGhFpKvKrYqFvTvNdApWlCsWvLvDsFvLvIlVsDvVlSsLvVvSlLvVvAcNvTvLvGvFvAnEpMdGpPvInKlSvLsRvTlLcRnAlLcRsPnLvRnAvLcSvRvFpEpGlMnRvVlVvVvNvAlLvVvGlAlIvPvSvIlMvNsVlLvLvVsClLvIsFvWlLlIsFlSlIsMsGqVlNsLqFwAaGqKqFqGkRaCkIdNfQqTvEsGpDpLdPgLdNdYcTvIcVpNwNfKqSvQsCqEvSvLpNcLpTpGvEgLiYdWiTdKgVdKlVqNgFsDsNrVsGvAsGsYsLvAlLlLvQcVlAlTlFvKhGpWvMvDvIhMvYqAsAsVqDqStRdGdYhErEtQhPgQdWgErYpNrLvYcMcYvIvYsFsVvIvFcInIvFcGnSrFsFvTsLlNsLvFlIlGsVsIqIlDvNsFlNvQvQvKcKvKvLvGpGvQdDdIsFsMfTdEpEvQvKvKvYvYlNvAvMvKvKcLvGlSvKdKdPqQdKfPdIqPdRfPdLpNdKpYvQlGnFvIlFlDvIlVlTpKdQvAvFnDvVvTvIlMlFvLlIlCvLvNlMsVvTlMsMsVrErTrDrDpQdSdPpEvKnIvNvIvLsAvKvIvNvLvLvFsVlAvIvFlTvGvEsClIvVsKcLcAsAnLrRpHvYnYlFvTvNdSpWvNsIvFlDsFvVvVlVsIvLlSsIvVcGlTvVvLcSvDvIvIvQvKpYpFdFdSdPvTsLvFsRsVvIsRvLsAsRsIsGsRsInLcRvLvIcRvGvAdKpGsIsRvTlLsLvFvAlLvMvMsSlLvPnAsLvFvNsIlGvLvLvLvFvLsVvMlFsIsYlSlIsFvGqMsAsNaFqAlYqVaKdWdEdAqGqIrDdDpMqFqNgFsQrTrFsAsNsSsMsLvCnLlFvQcIcTlTqSpApGcWlDvGsLvLlSpPsIqLsNdTdGdPpPpYsCwDfPqTaLpPqNrSpNvGrShRgGiDnChGhSdPnAvVvGsIcLvFsFsTvTvYsIcIcIpSrFpLsInVsVsNsMnYsIsAsIsIsLsEvNsFsSvVvAsTvEvEqSvTpEpPlLdShEsDvDlFvDvMqFlYsEvIlWvEcKvFqDvPsEpAsTpQqFkIhEaYqSvVcLvSqDvFsAlDcApLrSdEpPpLlRhIdAnKpPvNcQlIvSvLqIlNvMlDwLfPfMaVwSpGpDnRiIgHgCnMlDsIsLvFlAsFsTvKcRvVrLvGdEpSdGpEvMsDvAvLvKsIvQvMvEvEvKvFvMcAvAvNpPvSpKpIpStYpEdPrIpTgTtTsLnRvRvKvHvEvEvVvSvAvMvVvIvQvRvAvFvRvRvHvLvLvQvRvSvLvKvHvAvSvFvLvFvRvQvQpAdGdSdGdLdSdEdEdDdAdPdEpRpEdGdLpIvAvYvVvMvScEvNvFvSdRdPdLpGdPdPdSdSdSdSdIdSdSdTdSdFdPdPdSdYdDdSdVdTdRdAdTdSdDdNdLdQdVdRdGdSdDdYdSdHdSdEdDdLdAdDdFdPdPdSdPdDdRdDdRdEdSdIdVd
SPG1_STRSG,MdEdKdEdKdKdVdKdYdFdLpRpKpSpApFpGdLpApSdVdSpApApFpLdVdGdSdTdVdFdAdVdDdSdPdIdEpDpTdPdIfIdRdNdGdGdEdLgTaNdLpLvGrNdSdEpTvTvLvAvLvRvNvEvEvSvAvTvAvDvLvTvAvAvAvVvAvDvTvVvAvAvAvAvAvEvNvAvGvAvAvAvWvEvAvAvAvAqAvDvAlLlAvKvAlKlAvDvAlLvKvElFcNvKvYlGvVhSdDvYvYlKnNvLvIsNvNpAdKdThVsEvGvIsKvDvLsQsAvQvVrVsEvSvAsKvKvAvRvIvSvEvAvTvDvGvLvSvDvFvLvKvSpQdTdPdApEvDvTvVvKqSvIvElLlAvEvAlKlVvLvAlNvRvEvLcDvKvYvGvVdSdDvYvHlKsNvLlIsNvNpAdKdTgVsEvGsVnKvEvLsIsDvEvIvLvAvApLpPqKaTwDdQkYaKkLeIaLeNaGeKpTvLdKgGdEmTdTiTdEtAdVsDdAlAvTvAvEvKvVvFvKvQvYvAcNvDvNvGpVaDdGaEdWwTdYaDdDpAvTrKnTyFiTyVgThErKdPdEpVpIpDpApSpEpLpTpPqApVwTdTkYaKkLeVaIeNaGeKpTvLdKgGdEmTeTiTdKtAdVsDdAlEvTvArEvKvAvFvKvQvYvAcNvDvNvGvVaDdGaVdWwTdYaDdDpAvTrKsTyFiTyVgThEhMdVdTpEdVpPdGdDdAdPdTdEdPdEdKdPdEdAdSpIdPdLdVdPyLdTdPdAdTdPdIdAdKdDdDdAdKdKdDdDdTdKdKdEdDdAdKdKdPdEdAdKdKdDdDdAdKdKdAdEpTpLdPpTdTpGdEdGdSdNdPpFpFpTdAdAdApLpAdVpMdAdGdAdGdAdLdAdVdAdSdKdRdKdEdDd
SPIKE_SARS2,MdFdVpFpLpVpLpLpPpLpVpSqSqQdCfVdNdLaTpTfReTdQdLdPdPwAdYwTdNfSpFaTaReGfVaYaYdPpDdKpVdFfRdSaSqVaLkHdSkTdQwDdLwFtLfPdFhFrSdNiVkTtWkFdHkAqIdHdVdSpGdTpNpGdTrKfRyFdDdNwPdVkLdPwFqNpDqGkVkYkFkAkSkTfEaKdSqNpIfIfRfGwWkIkFwGaTdTpLlDaSlKpTfQwSiLwLtIwVgNhNqAqTwNkVtVkIiKwVtCfErFfQhFfChNpDdPfFeLwGeVwYeYqHdKpNvNvKnSaWiMhEgSdEhFgRnVtYtSsSdAtNhNdCiTpFdEiYdViSdQhPtFdLgMdDgLrEdGqKdQdGaNfFgKfNkLmRkEiFwViFwKgNdIdDpGqYkFtKwIiYwSiKdHiTdPtIdNgLhVrRdDdLdPdQdGdFdSdAyLtEyPtLdVdDiLhPnIrGnIhNdItTtRiFmQiTiLyLgAyLwHyRfSdYpLpTdPdGpDdSvSpSgGhWtThAgGrAiAmAmYmYiVmGtYhLiQdPgRfTmFkLiLfKgYhNhErNrGrTdItTpDdAmVaDtClAqLaDdPpLlSsEvTqKcCvTvLvKvShFpTwVdEaKfGfIkYdQwTgSdNkFkRfVfQfPaTdEaSeIfVeRfFdPaNpIqTdNaLaCwPvFvGcEcVvFvNvApTlRdFaAaSaVlYlAaWwNdRkKdRkItSfNqChVaAyDdYlSvVcLvYvNpSdApSqFwSpTdFkKdCwYdGpVdSdPsTvKcLqNqDvLaCfFfThNiVkYiAkDiSkFhVkIdRfGqDqEcVlRvQqIpAdPaGpQhTdGdKqIsAcDfYpNrYaKpLaPhDnDnFfTgGwCiVkIiAkWgNfSpNlNvLrDqSaKdVaGqGfNrYqNrYhLkYgRfLdFdRdKpSgNgLdKdPhFpEdRhDdIpSdTqEdIwYdQaApGdSdTdPdCdNpGdVcEvGdFdNrCtYhFgPrLiQgSgYlGrFaQhPsTpNdGdVsGrYsQgPmYmRmVmVmViLmStFgEhLhLpHqAfPrAgTnVyChGhPdKdKdSgTdNdLdVdKaNpKgCwVhNfFyNhFaNnGsLdTtGdTiGfVgLkTdEfSdNpKdKdFdLdPpFgQdQaFfGdRaDdIpAvDrTdTtDaAwVgRqDrPsQyTpLrEtIiLiDgIgTdPhCgSdFmGfGiVkSmVkIgTdPnGiTvNvTvSdNpQqViAkViLfYgQfDpVeNeClTvEpVvPlVvAsIvHvAvDvQrLmTpPpThWhRnVpYdShTqGpSpNaVwFdQaTdRpArGgCiLiIgGfAaEaHeVdNaNdSaYeEaCaDdIyPdIpGdApGqIkChAkSdYfQdTfQdTpNdSdPpRpRdAvRpSdVdArSdQtSgIiIyAiYyTgMhSdLpGdAdEpNpSpVdAdYdSdNpNfSkIdAkIfPfTaNdFwTfIkSaVkTdTkEdIwLfPfVqSaMfTwKqTkSaVfDpClTcMlYqIqCpGnDpSdTpElClSvNvLlLvLvQvYvGpScFlCrTvQvLlNrRvAlLsTvGvIlAqVvElQrDlKvNlTlQcElVqFqAvQlVaKpQdIqYdKdTqPdPpIdKqDdFaGlGlFaNgFnSqQqIqLaPaDdPpSpKdPpSlKnRgSgFvIvEqDvLlLqFpNvKlVlTdLlApDpAlGvFlIvKvQqYlGvDvCqLcGdDpIhAvAvRsDnLvIvCsAcQsKvFlNsGgLmThVtLdPdPhLpLqTdDlEsMnIsArQsYsTlSnAsLlLvArGlTcIqTaSqGnWlTvFrGlAvGnAhArLdQgIdPrFnAlMvQlMlAlYvRlFcNvGvIqGpVhThQsNvVvLcYvEvNcQvKnLvIrAsNvQsFnNnSvAnIvGvKvIvQvDvSvLsSnSpTdAcSvAsLvGvKvLvQnDvVsVsNvQvNvAsQvAlLvNvTvLlVsKvQlLcSqSdNqFlGpAaIpSgSsVdLlNvDvIlLpSvRpLdDdKpVvEvAsEsVvQsIsDvRsLsIsTvGsRsLsQvSsLsQvTvYsVsTvQvQsLsIvRvAsAvEvIsRsAvSsAsNvLlAsAsTvKcMcSsEdCaVaLsGhQaSdKqRdVaDcFsCqGhKhGaYhHfLrMhSwFgPwQhSdAhPdHsGiViVmFiLiHtViThYmVgPrAdQdEiKdNmFwTgTwAaPqAwIeCaHdDpGfKwAtHkFgPfRpEaGaVtFwVtSdNpGpTpHdWiFfVgTaQhRrNhFhYdEdPgQdIaIaTeTcDvNgTiFdVtSdGhNtCpDpVpVdIpGgIyVhNyNdTdVhYdDyPpLvQvPvEpLpDdSpFpKpEvEvLvDvKvYvFpKpNdHpTpSdPdDdVdDdLdGdDdIdSdGdIdNdAdSdVdVdNdIdQdKpEdIpDdRdLdNdEdVdAdKdNdLdNdEdSdLpIdDdLpQpEdLdGdKdYpEpQpYpIpKpWpPpWvYvIvWvLvGvFvIvAvGvLvIvAvIvVvMvVvTvIvMvLvCvCvMvTpSpCdCdSdCdLdKdGdCdCdSdCdGdSdCdCdKdFdDdEdDdDdSdEdPdVdLdKdGdVdKdLdHdYdTd
SRC_HUMAN,MdGdSdNdKdSdKdPdKdDdAdSdQdRdRdRdSdLdEdPdAdEdNdVdHdGdAdGdGdGdAdFyPdAdSdQdTdPdSdKdPdAySdAdDdGdHdRdGyPdSdAdAdFdAdPdAdAdAdEdPdKpLpFdGdGdFdNdSdSpDpTdVpTdSlPpQpRpApGdPpLpApGdGdVqTfTkFkVfAfLcYaDfYdEdSdRlTdEpTqDaLdSgFdKhKgGgEwRiLwQtIfVpNaNdTpEdGrDqWwWtLwAiHaStLpSvTpGrQdTiGhYiIdPgSsNvYrViAdPgScDpSdIpQvAsEdEnWqYeFpGeKaIdTdRpRlErSqEfRlLlLqLqNpApEpNhPdRfGqTaFwLhVkRyEpSdEpTvTdKpGpAkYiCkLiSkVtSwDhFaDdNpAvKpGgLiNgViKaHiYaKiIwRdKaLdDpSvGqGwFiYdIsTaSpRvTdQtFhNnSdLvQvQvLvVlAvYvYlScKvHpAvDlGlLpCnHhRrLrTpThVyCrPdTdSdKdPdQdTgQlGaLpAdKpDpAaWaEaIdPdRpEvSqLkRdLfEdVaKwLpGdQdGaCpFfGfEtVkWgMfGiTdWgNnGvTpTdRtVwAiIkKtTwLgKaPpGpTfMfSqPlEvAvFvLvQvEqAvQvVvMlKqKpLlRdHdEpKqLaVwQhLfYhAyVwVhSsEdEpPrIiYiItViTtEhYdMaSpKcGaSfLqLlDcFcLlKqGdEpTnGvKvYpLdRdLpPlQlLlVlDvMqAlAlQsIaAlSvGsMlAlYsVcEvRvMvNqYfVfHqRqDdLdRaArAnNqIwLgVaGhEpNsLrVrCiKhVgAhDnFgGpLvAlRvLrIgEpDdNpEcYsTvAlRlQhGdApKnFrPpIqKlWlTfAaPlEcAcAsLpYpGvRdFtTgIsKlSrDvVlWlSsFsGlIqLrLsTvEcLsTvTvKsGnRdVdPhYpPpGpMdVdNsRvEvVnLsDvQcVvEvRvGpYdRdMdPdCdPdPpEpCdPdEvSvLsHnDvLlMsCvQlCsWsRdKnEdPsEvEsRrPdThFsEvYvLsQsAvFcLsEsDcYvFpTpSdTpEdPdQpYhQdPrGsEvNsLd
SUMO1_HUMAN,MdSdDdQdEpAdKdPpSdTdEdDpLdGdDdKdKdEpGpEfYwIaKwLeKwVeIaGeQpDvSrSdEtIdHiFdKiVdKgMqTqTdHfLcKlKvLvKlEvSvYvCcQvRvQvGvVhPdMsNvSqLkRfFkLdFfEvGnQdRtIgAdDrNrHdTgPcKnEnLvGvMhEhEhEyDgVyIiEyViYdQgEnQpTpGpGdHpSpTpVd
SYUA_HUMAN,MdDvVpYpMpKpGpLpSpKpApKdEdGdVdVdApApAdEpKdTdKdQpGvVpApEvAvAvGvKvTcKpEpGpVpLpFpVdGcSpKpTpKpEqGfVdVdHdGdVdAdTdVdApEdKdTdKdEdQpVdTdNdVdGpGfAfVdVdTdGdVdTdAdVgAgQdKdTdVdEdGdAvGvSdIdArAdAdThGtYdVdKdKdDdQpLpGdKdNpEdEnGdApPpQdEpGcIpLpEvDdMdPpVpDdPdDdNdEcAvFpEpMdPdSpEpEdGdFdQpDdFpEpPdEpAd
TADBP_HUMAN,MdSfEdYwIaRfVeTdEqDdEpNpDdEgPtIdEtIdPtSaEdDpDvGlTkVdLfLlSvTsVvTcAvQvFpPpGqAfCdGfLkRwYwRqNdPpVvSpQrCdMiRgGtVfRdLdVdEpGrIiLtHhAaPdDpAvGgWrGpNrLtVyYiVhVtNdYgPdKpDpNpKpRdKdMdDdEdTdDdAdSdSdAdVdKdVdKpRdApVpQpKpTwSaDkLkIkVkLaGqLaPdWqKpTdTdEqQvDqLvKcEvYvFlSvTvFlGaEhVwLpMdVkQfVfKdKaDdLpKvTpGrHtStKpGrFmGiFiVtRtFgTpEdYpEvTsQvVvKvVqMqSlQdRwHdMqIgDpGnRiWtCmDhCiKdLgPdNpSvKpQpSpQpDpEdPpLpRlSfRlKkVkFkVkGaRqCaTdEpDvMdTdEqDvEqLvRqEvFvFcSvQvYqGaDhVwMrDdVkFaIqPdKpPpFgRpArFmAiFmVtTgFgApDdDsQvIsAlQvSvLqCaGqEdDwLdIaIrKpGnItStViHhIiShNdAdEdPpKpHpNpSvNvRpQpLvEpRpSpGpRdFdGdGdNdPdGdGdFdGdNdQdGdGdFdGdNySdRdGdGdGdAdGdLdGdNdNdQdGdSdNdMdGdGdGdMdNdFdGdAdFdSdIdNdPpAvMvMvAvAvAvQvAvAvLvQpSpSdWdGdMpMdGdMdLdAdSdQdQdNdQdSdGyPdSdGdNyNdQdNdQdGdNdMdQdRdEdPdNdQdAdFdGdSdGdNdNdSdYdSdGdSdNdSdGdAdAdIdGdWdGdSdAdSdNdAdGdSdGdSdGdFdNdGdGdFdGdSdSdMdDdSdKdSdSdGdWdGdMd
TAT_HV1BR,MdEdPdVwDdPpRpLdEdPpWvKpHtPdGdSqQdPqKpTdAdCqTdNpCdYqCdKpKvCsCcFvHrChQpVvCsFvMcTcKrAvLvGvIdSdYpGpRpKdKpRpRpQpRpRpRpAdHpQpNdSdQdTdHpQpApSpLdSdKpQdPpTpSpQdSdRdGpDdPdTdGdPdKdEd
TPK1_HUMAN,MdEaHaAeFdTaPfLcEpPlLlLdSlTdGdNdLaKaYeCaLeVeIfLeNqQdPaLfDdNpYsFvRvHvLsWqNvKrAyLpLfRyAeCyAqDqGnGsAlNvRnLlYvDvIvTcEpGpEnRvElSvFpLqPgEqFeIyNeGeDcFnDpSrIhRdPpEvVsRvEvYvYnAvTvKsGpCrEhLyIySyTdPnDdQpDvHaThDsFvTlKvCvLlKlMvLvQqKvKvIcEvEvKvDvLdKdVhDaVeIyVeTyLeGdGqLcAdGdRdFpDvQsIvMvAsSvVvNvTsLlFvQvAcTvHvIrTdPpFhPwIyIwIyIdQyEdEfSkLiIkYgLkLdQaPaGfKkHyRkLyHqVqDqTpGvMfEfGdDfWwCkGwLkIaPpVpGpQdPkCwMqQaVkTaTkTpGqLkKpWdNtLdThNgDhViLhAdFvGvTpLdVtSgTtSrNiTgYgDpGpSpGrVmVmTmVmEhTtDhHgPiLiLmWiTmMtAtItKhSd
TPMT_HUMAN,MdDdGdTdRdTpSdLpDpIpEdEfYdSpDpTqEcVlQqKqNpQdVdLdTdLlEvEnWvQqDvKcWlVvNvGvKvTpApFvHaQdEpQvGaHdQvLvLcKvKvHcLvDcTvFvLcKpGpKhSaGaLfReVeFeFePeLqCnGqKlAgVpEvMlKvWvFqAvDvRrGhHySaVyVeGyVeEhIqShEpLsGsIvQvEvFnFcTvEvQvNvLfSdYwSdEwEdPdIqTvEqIdPpGpTwKiVwFiKaStSpSvGrNrIySiLyYtCnCdShIlFlDcLpPvRsTgNpIpGaKaFgDqMeIyWdDyRdGlAhLlVlAqIdNnPnGnDcRnKlCvYvAlDvTsMnFvSvLrLhGdKqKwFhQkYyLkLyCkVaLkSgYwDdPcTvKqHaPnGdPdPsFhYhVdPdHpAvEnIvEcRvLrFpGvKvIfCwNdIkRdCwLdEdKkVdDwAdFdEdEpRvHcKvSvWsGvItDdCgLmFiEmKiLiYiLiLiTtEgKd
TPOR_HUMAN,MdPdSdWpAvLpFpMpVpTpSpCpLpLpLpApPpQpNdLdApQdVdSdSpQqDnVcSvLqLcAvSpDpSpEaPqLwKdCwFeSdRaTqFlElDkLiTkCiFkWhDfEdEqEeAdAdPdSpGpTqYkQwLkLwYkAdYfPdRpEdKdPiRdAtCfPdLwSdSwQdSqMdPdHrFgGyTiRmYiVmCgQiFhPpDgQsEvEvVrRdLaFpFtPwLmHkLiWwVmKaNgVpFvLvNrQdTtRdThQiRdVtLdFgVrDlSaVaGyLaPhAaPfPwSaIdIwKdAwMaGaGdSlQdPfGqEkLiQkIiSkWtEfEgPrAhPlEvIcSvDvFqLkRwYkEkLkRwYkGdPfRpDdPcKpNvSdTvGdPdTtVdIiQdLtIdAdTcElTfCkCpPfAqLpQpRdPpHpSpApSdAdLdDdQdSdPdCdAdQdPdTdMdPdWdQdDdGdPdKdQdTdSdPdSdRdEdApSpApLpTpArErGmGmSmCgLmIdSgGdLgQaPaGfNgSkYmWkLmQwLmRwSmEaPgDnGcIpSrLgGhGhStWiGySdWiSdLdPiVdTmVyDgLgPaGhDaAcVvAvLfGvLwQaCwFaTdLaDpLlKwNkViTkCiQkWgQqQdQdDvHqAkSdSkQwGkFwFkYaHwSdRaAdRdClChPdRdDpRdYdPtIdWtEdNgCfEdEwEdEdKpTpNdPpGpLdQpTdPrQrFmStRmCgHmFdKtSdRhNqDgStIkImHkImLkVmEwViTqThAnPvGrTdViHgSiYhLtGySnPiFdWgIrHlQaAaVyReLaPaTfPwNdLwHdWwRdEdIpSdSqGqHkLiEkLiEfWiQdHgPpSdSpWvAqAlQqEqTkCwYkQkLkRwYkTdGfEpGpHdQpDdWiKdViLdEtPdPpLrGnAdRgGiGdTmLgEgLgRhPgRqStRkYmRwLmQwLmRwAmRfLgNhGdPpTrYgQgGhPdWiSySdWiSdDdPiTdRiVdEhTgAhTdEpTcApWvIvSvLvVvTvAvLvHvLvVvLvGvLvNvAvVvLvGvLlLvLvLcRcWvQpFpPvApHvYnRvRvLvRcHcAvLvWpPpSpLdPpDpLpHcRvVvLvGvQvYvLvRvDvTvAvAvLpSdPdPdKdAdTdVdSdDdTdCdEdEdVdEdPdSdLdLdEdIdLdPdKdSdSdEdRdTdPdLdPdLdCdSdSdQdAdQdMdDdYdRdRdLdQdPdSdCdLdGdTdMdPdLdSdVdCdPdPdMdAdEdSdGdSdCdCsTpTpHpIpApNpHpSpYpLpPpLpSpYdWdQdQdPd
TRPC_SACS2,MdPwRpYdLdKdGdWvLvKvDvVlVlQvLvSqLvRvRdPdSfFdRdAfSaRaQdRdPdIaIdSaLlNlEvRlIlLvEvFcNvKvRvNpIwTaAaIeIaAeEeYdKfRqKfSaPpSlGgLhDhVhEdRdDdPlIlEvYlSlKvFlMcElRvYrAhVqGyLySeIyLeTdErEpKpYgFgNnGhSrYlEvTsLlRlKvIsAlSvSrVhSdIhPaIyLeMyKeDgFaIdVqKdElSsQvIlDvDsAcYrNrLsGrAhDnTeVyLeLyIeVlKnItLhTpElRvEsLsElSvLnLcEvYsAnRvSvYsGvMyEqPyLaIyEeIdNeDaEpNvDsLvDvIsAcLvRvIsGpArRqFhIyGeIyNeSqRaDdLpErTvLrEdIgNdKvEpNrQsRlKvLsIlSlMvIdPdSlNsVhVaKyVeAyEeSdGdIdSqEaRqNvEvIsEvEvLvRvKvLsGrVhNsAhFyLyIdGySrSnLcMsRvNpPvEvKcIsKvErFnIgLd
TRPC_THEMA,MdRqRpLvWvEvIlVvEvAvKvKvKvDvIlLvEpIqDpGlEvNpLfIdVfQaRaRdNaHlRlFvLlEvVlLlSdGdKqEqRfVaKfIeIaAeEeFdKfKqAfSaPqSvAgGgDgIqNnAvDpAdSdLlElDvFvIlRlMlYcDqEpLqAgDqAeIySeIyLeTpErKcHpYgFgKnGhDnPlAlFsVlRlAvAsRvNvLrThSpRhPaIyLeAhKeDdFaYdIqDdTqVsQvVlKsLsAnSrSsVsGpAhDqAeIyLeIaIeAlRvIvLyTaAlEvQsIlKlEvInYcEvAsAcEvEvLrGnMhDaSyLaVyEeVdHaSdRpEvDsLvEvKsVpFvSvVrIdRqPhKqIhIyGeIyNeTqRaDdLsDrTvFrEdIgKdKpNvVsLcWvEvLcLqPvLvVrPdDpDnThVaVyVeAyEeSdGdIdKqDaPlRlEvLsKlDvLcRrGpKrVhNsAyVyLyVdGyTsSnIlMsKnAdEpNdPnRsRvFrLsEvEsMnRsAvWnSrEd
UBC9_HUMAN,MdSqGpIvAaLvSvRvLlAvQvElRvKvAvWvRvKvDdHaPdFpGpFkVdAwVdPfTdKaNdPpDvGgThMgNdLsMqNkWiEkCiAwIaPaGaKdKpGpTaPlWlEhGqGaLiFwKiLwRmMwLgFhKdDsDpYaPpSlSaPaPtKwCiKaFtEvPvPaLdFlHaPfNqVaYaPnSrGrTtVgCdLdSqIcLnEdEnDpKgDnWpRdPsApIqTgIpKrQnIvLsLvGrIvQsEvLcLrNrEpPpNdIlQvDhPgArQdApEvAsYnTvIcYvCvQpNpRvVpEvYsEsKvRvVsRnAvQvAsKvKvFrAhPdSdYd
UBE4B_MOUSE,MdEpEpLqSdApDvEnIvRvRvRvRvLvAvRvLvAvGvGvQdTdSdQdPpTdTdPdLpTdSdPdQdRdEdNdPdPdGdPdPdIdAdAdSdAdPdGdPdSdQdSdLdGdLdNdVdHdNdMdTdPdAdTdSdPdIdGdAdAdGdVdAdHdRdSdQdSdSdEdGdVdSdSdLdSdSdSdPdSdNdSdLdEdTdQdSfQpSdLdSqRpSfQdSpMpDdIdDdGdVdSdCdEdKdSdMdSdQdVdDdVdDdSdGdIdEdNdMdEdVdDdEdNdDdRdRdEdKdRdSdLdSdDdKdEdPdSdSdGdPdEdVpSdEpEvQnAlLvQvLvVlCcKvIlFlRqVaSdWcKpDdRdDdRlDqVrIhFhLqSpSvLlSvAvQvFcKvQvNpPvKvEpVsFdSpDdFlKlDrLvIlGlQvIvLlMvEsVqLlMlMvSlTvQpTdRpDdEdNlPpFcAvSsLnTcAvTpSpQpPpIpAaTvAvApRpSdPpDdRdNdLpMdLpNdTpGdSdSdSdGdTdSdPpMdFdCpNpMpGdSdFdSdTdSdSdLdSdSdLdGdAdSdGdGdAdSdNdWpDpSdYpSpDdHlFqThIqEdTpCdKsElTvDsMsLlNvYsLlIqEsCsFlDvRvVlGvIvEvEcKvKvAcPvKpMvCcSpQpPpAvVnSvQvLsLsSvNsInRlSlQsCsIlSvHvTnAlLcVsLqQcGcSvLsThQhPgRdSdLlQqQdPaSgFsLcVlPsYcMqLlCvRvNvLgPdYpGcFnIvQlEsLnVcRvTnTcHvQvDpEvEvVsFnKsQsIhFvIsPnInLlQvGnLlAlLvAsAlKlEpCdSaLlElSdDpYsFnKlYrPsLlMvAsLlGlEvLqClEpTrKdFdGdKlTaHrPsMsClNvLvVlAlSpLdPqLqWqLpPdKdSdLpSdPlGlSnGaRaEcLnQlRpLrShYsLcGsAsFlFlSlFhSaVlFfAcEvDsDpAvKsVnVlEcKrYqFpSvGdPpAdIpTdLpEvNsTlRvVvVsSlQvSvLsQlHvYsLlEvLsGsRlQvEsLvFlKsInLlHvSsIsLcLsNrGpEvTrRvEvAsAsLlSlYsMlAlAsLnVlNqAqNqMvKqKlAlQdMpQdAgDdDpRsLrVhSdTdDqGsFsMlLlNsLsLlWsVsLlQlQvLvSqTpKpIqKdLlEvTlVaDdPlTcYlIvFlHdPpRpCqRsIhTdLdPdNlDpEfTdRfIfNaAdTdMsEvDlVvNvEvRvLsTcEvLcYpGpDpQdPrPpFdSdEdPgKdFpPnTnEsCsFlFvLsTsLlHsAsHlHsLnShIlLlPsSlClRsRvYlIvRvRlLvRvAlIlRvEvLlNvRvTvVlEvDvLlKvNvNcEcSvQpWpKcDpSpPpLcAnTvRvHsRvEvMvLnKvRvCsKvTvQvLnKsKvLsVvRsCsKnAsCsAsDcAsGvLrLvDdElSvFsLlRlRsCvLlNvFsYlGlLsLlIlQqLsMlLvRcIqLqDpPvApYpPpDpVdTdLpPpLgNdSpEdVgPrKsVsFnArAgLhPgEpFvYnVlEvDsVnAlEsFsLlFvFsIcVlQpYrSpPlQvVsLcYpEdPpCsTvQlDsIvVlMvFsLlVlVnMcLlClNcQvNsYsIgRpNqPlYvLsVnAlKsLsVlEvVsMlFlMcTlNdPcSsVnQrPvRsTnQpKvFsFnEvMsInElNpHpPpLsScTlKaLrLnVvPlSsLlMlKqFsYlTlDvVlEcHpTnGpAdTpScEsFvYvDvKsFlTsIsRvYlHsIsSlTvIvFvKvSvLsWcQpNdIpAsHnHvGvTnFvMvEvEcFlNvSvGvKpQsFvVvRlYsIvNlMvLlIlNvDlTlTlFvLlLlDvElSlLqEvSlLlKlRlIlHlEvVlQvEvEcMvKvNpKvEvQnWlDvQpLdPdRvDvQvQnQvAvRsQvSvQsLnAvQvDsElRvVsSnRlSvYsLvAsLsAnTvEsTsVlDvMsFlHlLvLcTlKqQvVrQqKpPsFcLlRpPlElLrGlPlRsLlAlAlMsLlNlFqNsLlQcQcLcCqGnPpKcCvRvDsLnKdVdEdNpPcEvKsYsGpFdEdPsKlKvLsLlDlQsLsTlDsIsYcLlQsLnDqCdAlRsFsAlKlAsInAlDpDnQpRpSrYdSdKlEvLsFlEvErVsIlSvKvMcRvKvAvGvIsKdSdTpIvAsIsEvKsFsKvLvLsAsEvKsVsEvEvInVnAvKvNcAvRvApEpIpDpYcSvDvApPdDqElFqRaDaPpLvMpDrThLgMaTqDwPwVkRaLaPpSvGgThViMgDhRlSsIvIvLvRnHvLcLsNnSpPqTaDdPpFpNpRrQhMgLhTdEpSvMrLiEhPtVdPvEvLsKnEvQvIsQvAvWvMvRvEvKsQvSvSvDvHd
VKOR1_HUMAN,MdGpSqTlWfGdSqPlGdWpVvRlLvAvLlClLvTlGlLlVvLlSlLvYlAlLvHvVlKqAvAvRcAvRvDpRvDpYdRaAdLpCqDdVdGpTpAqIaSgCsSsRpVlFcSvSdRcWcGqRwGlFnGvLcVcEcHvVvLvGnQpDpSdIpLsNrQgSgNvSsIvFvGsCnIvFlYsTvLlQsLrLvLlGsCrLgRlTdRlWvAsSlVvLvMqLlLvSsSlLvVvSvLlAvGsSlVvYsLsAvWcIcLcFcFpVpLvYsDhFhCyIpVsCsIvTsTsYnAvIsNsVvSvLsMnWvLvSsFvRvKsVnQvEpPdQsGpKpAvKpRdHd
YAP1_HUMAN,MdDdPdGdQdQdPdPdPdQdPdAdPdQdGdQdGdQdPdPdSdQdPdPdQdGdQdGdPdPdSdGdPdGdQdPdApPpApApTpQpApAdPpQpAdPdPdApGdHdQpIpVpHpVpRpGpDcSvEvTvDvLvEvAlLvFvNcAcVvMvNpPvKpTpArNpVdPpQpTdVdPdMpRvLnRpKpLdPdDvSvFvFvKdPdPdEpPpKpSdHpSpRpQdAdSdTdDdAdGdTdAdGdAdLdTdPdQdHdVdRpAdHdSdSdPdAdSdLdQdLdGdAdVdSdPdGdTdLdTdPdTdGdVdVdSdGdPdAdAdTdPpTpApQpHpLpRpQdSpSpFvEpIpPdDpDpVdPdLaPdApGqWkEdMwAdKaTdSpSvGgQqRiYwFiLaNrHnIvDvQrTdTiTgWsQdDrPpRvKvAvMvLvSvQvMvNpVdTpAdPpTdSdPpPpVpQpQpNpMpMdNdSdApSpGdPdLqPdDpGqWkEdQwAdMaTdQpDvGgEqIiYwYiIaNrHnKvNvKrTdTiSgWsLdDrPpRcLpDpPpRvFrAvMvNvQvRvIpSpQpSdAdPdVdKdQdPdPdPdLdAdPdQdSdPdQdGdGdVdMdGdGdSdNpSvNvQvQvQvQvMvRvLvQvQvLvQvMvEvKvEvRvLvRvLvKvQvQvEvLvLvRvQvAvMvRcNvIvNcPvSpTcApNpSdPpKvCvQvEvLvAvLvRvSvQpLdPdTpLpEdQdDdGdGdTdQdNdPdVdSdSdPdGdMdSdQdEdLdRdTdMdTdTdNdSdSdDdPpFpLdNpSdGdTdYdHdSdRdDdEdSdTdDdSdGdLySdMdSdSdYdSdVdPdRdTdPdDdDdFdLdNdSdVdDdEdMdDdTdGdDdTdIdNdQdSdTdLdPdSdQdQdNdRdFdPdDdYpLpEpApIdPdGdTdNdVdDdLdGdTdLdEdGdDdGdMdNdIdEdGdEdEdLdMdPdSdLpQpEpAdLpSpSpDpIvLvNvDvMvEvScVvLvAvAvTpKpLpDdKpEpSdFpLpTdWdLd
